item_id,museum,image_url,proposal_status,match_score,match_rule,candidate_count,top_candidate_count,candidate_paths,proposed_image_local_path,proposed_filename,proposed_sha256,proposed_image_width,proposed_image_height,proposal_version
CMA:102924,CMA,https://openaccess-cdn.clevelandart.org/1921.1550/1921.1550_web.jpg,unmatched,0,,0,0,,,,,0,0,image_local_path_proposals_v1
CMA:104234,CMA,https://openaccess-cdn.clevelandart.org/1922.389/1922.389_web.jpg,unmatched,0,,0,0,,,,,0,0,image_local_path_proposals_v1
CMA:104236,CMA,https://openaccess-cdn.clevelandart.org/1922.390/1922.390_web.jpg,unmatched,0,,0,0,,,,,0,0,image_local_path_proposals_v1
CMA:104238,CMA,https://openaccess-cdn.clevelandart.org/1922.392/1922.392_web.jpg,unmatched,0,,0,0,,,,,0,0,image_local_path_proposals_v1
CMA:104240,CMA,https://openaccess-cdn.clevelandart.org/1922.394/1922.394_web.jpg,unmatched,0,,0,0,,,,,0,0,image_local_path_proposals_v1
CMA:104241,CMA,https://openaccess-cdn.clevelandart.org/1922.395/1922.395_web.jpg,unmatched,0,,0,0,,,,,0,0,image_local_path_proposals_v1
CMA:104242,CMA,https://openaccess-cdn.clevelandart.org/1922.395.a/1922.395.a_web.jpg,unmatched,0,,0,0,,,,,0,0,image_local_path_proposals_v1
CMA:104243,CMA,https://openaccess-cdn.clevelandart.org/1922.395.b/1922.395.b_web.jpg,unmatched,0,,0,0,,,,,0,0,image_local_path_proposals_v1
CMA:104244,CMA,https://openaccess-cdn.clevelandart.org/1922.395.c/1922.395.c_web.jpg,unmatched,0,,0,0,,,,,0,0,image_local_path_proposals_v1
CMA:104245,CMA,https://openaccess-cdn.clevelandart.org/1922.395.d/1922.395.d_web.jpg,unmatched,0,,0,0,,,,,0,0,image_local_path_proposals_v1
CMA:104246,CMA,https://openaccess-cdn.clevelandart.org/1922.396/1922.396_web.jpg,unmatched,0,,0,0,,,,,0,0,image_local_path_proposals_v1
CMA:104247,CMA,https://openaccess-cdn.clevelandart.org/1922.396.a/1922.396.a_web.jpg,unmatched,0,,0,0,,,,,0,0,image_local_path_proposals_v1
CMA:104248,CMA,https://openaccess-cdn.clevelandart.org/1922.396.b/1922.396.b_web.jpg,unmatched,0,,0,0,,,,,0,0,image_local_path_proposals_v1
CMA:104249,CMA,https://openaccess-cdn.clevelandart.org/1922.396.c/1922.396.c_web.jpg,unmatched,0,,0,0,,,,,0,0,image_local_path_proposals_v1
CMA:104390,CMA,https://openaccess-cdn.clevelandart.org/1922.517/1922.517_web.jpg,unmatched,0,,0,0,,,,,0,0,image_local_path_proposals_v1
CMA:108026,CMA,https://openaccess-cdn.clevelandart.org/1925.654/1925.654_web.jpg,unmatched,0,,0,0,,,,,0,0,image_local_path_proposals_v1
CMA:108033,CMA,https://openaccess-cdn.clevelandart.org/1925.660/1925.660_web.jpg,unmatched,0,,0,0,,,,,0,0,image_local_path_proposals_v1
CMA:108034,CMA,https://openaccess-cdn.clevelandart.org/1925.661/1925.661_web.jpg,unmatched,0,,0,0,,,,,0,0,image_local_path_proposals_v1
CMA:108038,CMA,https://openaccess-cdn.clevelandart.org/1925.665/1925.665_web.jpg,unmatched,0,,0,0,,,,,0,0,image_local_path_proposals_v1
CMA:108042,CMA,https://openaccess-cdn.clevelandart.org/1925.667/1925.667_web.jpg,unmatched,0,,0,0,,,,,0,0,image_local_path_proposals_v1
CMA:108043,CMA,https://openaccess-cdn.clevelandart.org/1925.668/1925.668_web.jpg,unmatched,0,,0,0,,,,,0,0,image_local_path_proposals_v1
CMA:108044,CMA,https://openaccess-cdn.clevelandart.org/1925.669/1925.669_web.jpg,unmatched,0,,0,0,,,,,0,0,image_local_path_proposals_v1
CMA:114131,CMA,https://openaccess-cdn.clevelandart.org/1933.392/1933.392_web.jpg,unmatched,0,,0,0,,,,,0,0,image_local_path_proposals_v1
CMA:114132,CMA,https://openaccess-cdn.clevelandart.org/1933.393/1933.393_web.jpg,unmatched,0,,0,0,,,,,0,0,image_local_path_proposals_v1
CMA:119652,CMA,https://openaccess-cdn.clevelandart.org/1940.494/1940.494_web.jpg,unmatched,0,,0,0,,,,,0,0,image_local_path_proposals_v1
CMA:119655,CMA,https://openaccess-cdn.clevelandart.org/1940.497/1940.497_web.jpg,unmatched,0,,0,0,,,,,0,0,image_local_path_proposals_v1
CMA:119656,CMA,https://openaccess-cdn.clevelandart.org/1940.498/1940.498_web.jpg,unmatched,0,,0,0,,,,,0,0,image_local_path_proposals_v1
CMA:119675,CMA,https://openaccess-cdn.clevelandart.org/1940.514/1940.514_web.jpg,unmatched,0,,0,0,,,,,0,0,image_local_path_proposals_v1
CMA:119676,CMA,https://openaccess-cdn.clevelandart.org/1940.515/1940.515_web.jpg,unmatched,0,,0,0,,,,,0,0,image_local_path_proposals_v1
CMA:119677,CMA,https://openaccess-cdn.clevelandart.org/1940.516/1940.516_web.jpg,unmatched,0,,0,0,,,,,0,0,image_local_path_proposals_v1
CMA:119678,CMA,https://openaccess-cdn.clevelandart.org/1940.517/1940.517_web.jpg,unmatched,0,,0,0,,,,,0,0,image_local_path_proposals_v1
CMA:119679,CMA,https://openaccess-cdn.clevelandart.org/1940.518/1940.518_web.jpg,unmatched,0,,0,0,,,,,0,0,image_local_path_proposals_v1
CMA:119680,CMA,https://openaccess-cdn.clevelandart.org/1940.519/1940.519_web.jpg,unmatched,0,,0,0,,,,,0,0,image_local_path_proposals_v1
CMA:119682,CMA,https://openaccess-cdn.clevelandart.org/1940.520/1940.520_web.jpg,unmatched,0,,0,0,,,,,0,0,image_local_path_proposals_v1
CMA:119683,CMA,https://openaccess-cdn.clevelandart.org/1940.521/1940.521_web.jpg,unmatched,0,,0,0,,,,,0,0,image_local_path_proposals_v1
CMA:119684,CMA,https://openaccess-cdn.clevelandart.org/1940.522/1940.522_web.jpg,unmatched,0,,0,0,,,,,0,0,image_local_path_proposals_v1
CMA:119685,CMA,https://openaccess-cdn.clevelandart.org/1940.523/1940.523_web.jpg,unmatched,0,,0,0,,,,,0,0,image_local_path_proposals_v1
CMA:119686,CMA,https://openaccess-cdn.clevelandart.org/1940.524/1940.524_web.jpg,unmatched,0,,0,0,,,,,0,0,image_local_path_proposals_v1
CMA:119687,CMA,https://openaccess-cdn.clevelandart.org/1940.525/1940.525_web.jpg,unmatched,0,,0,0,,,,,0,0,image_local_path_proposals_v1
CMA:119688,CMA,https://openaccess-cdn.clevelandart.org/1940.526/1940.526_web.jpg,unmatched,0,,0,0,,,,,0,0,image_local_path_proposals_v1
CMA:119689,CMA,https://openaccess-cdn.clevelandart.org/1940.527/1940.527_web.jpg,unmatched,0,,0,0,,,,,0,0,image_local_path_proposals_v1
CMA:119690,CMA,https://openaccess-cdn.clevelandart.org/1940.528/1940.528_web.jpg,unmatched,0,,0,0,,,,,0,0,image_local_path_proposals_v1
CMA:119693,CMA,https://openaccess-cdn.clevelandart.org/1940.530/1940.530_web.jpg,unmatched,0,,0,0,,,,,0,0,image_local_path_proposals_v1
CMA:124413,CMA,https://openaccess-cdn.clevelandart.org/1945.379/1945.379_web.jpg,unmatched,0,,0,0,,,,,0,0,image_local_path_proposals_v1
CMA:124739,CMA,https://openaccess-cdn.clevelandart.org/1946.226/1946.226_web.jpg,unmatched,0,,0,0,,,,,0,0,image_local_path_proposals_v1
CMA:124740,CMA,https://openaccess-cdn.clevelandart.org/1946.227/1946.227_web.jpg,unmatched,0,,0,0,,,,,0,0,image_local_path_proposals_v1
CMA:124741,CMA,https://openaccess-cdn.clevelandart.org/1946.228/1946.228_web.jpg,unmatched,0,,0,0,,,,,0,0,image_local_path_proposals_v1
CMA:125095,CMA,https://openaccess-cdn.clevelandart.org/1946.75/1946.75_web.jpg,unmatched,0,,0,0,,,,,0,0,image_local_path_proposals_v1
CMA:126684,CMA,https://openaccess-cdn.clevelandart.org/1949.12/1949.12_web.jpg,unmatched,0,,0,0,,,,,0,0,image_local_path_proposals_v1
CMA:128454,CMA,https://openaccess-cdn.clevelandart.org/1951.393/1951.393_web.jpg,unmatched,0,,0,0,,,,,0,0,image_local_path_proposals_v1
CMA:130555,CMA,https://openaccess-cdn.clevelandart.org/1953.288/1953.288_web.jpg,unmatched,0,,0,0,,,,,0,0,image_local_path_proposals_v1
CMA:134395,CMA,https://openaccess-cdn.clevelandart.org/1956.84/1956.84_web.jpg,unmatched,0,,0,0,,,,,0,0,image_local_path_proposals_v1
CMA:134604,CMA,https://openaccess-cdn.clevelandart.org/1957.136/1957.136_web.jpg,unmatched,0,,0,0,,,,,0,0,image_local_path_proposals_v1
CMA:134765,CMA,https://openaccess-cdn.clevelandart.org/1957.340/1957.340_web.jpg,unmatched,0,,0,0,,,,,0,0,image_local_path_proposals_v1
CMA:134948,CMA,https://openaccess-cdn.clevelandart.org/1957.495/1957.495_web.jpg,unmatched,0,,0,0,,,,,0,0,image_local_path_proposals_v1
CMA:137312,CMA,https://openaccess-cdn.clevelandart.org/1962.240/1962.240_web.jpg,unmatched,0,,0,0,,,,,0,0,image_local_path_proposals_v1
CMA:149062,CMA,https://openaccess-cdn.clevelandart.org/1977.190/1977.190_web.jpg,unmatched,0,,0,0,,,,,0,0,image_local_path_proposals_v1
CMA:152258,CMA,https://openaccess-cdn.clevelandart.org/1985.139/1985.139_web.jpg,unmatched,0,,0,0,,,,,0,0,image_local_path_proposals_v1
CMA:152334,CMA,https://openaccess-cdn.clevelandart.org/1985.193/1985.193_web.jpg,unmatched,0,,0,0,,,,,0,0,image_local_path_proposals_v1
CMA:152819,CMA,https://openaccess-cdn.clevelandart.org/1985.7/1985.7_web.jpg,unmatched,0,,0,0,,,,,0,0,image_local_path_proposals_v1
CMA:155505,CMA,https://openaccess-cdn.clevelandart.org/1990.225/1990.225_web.jpg,unmatched,0,,0,0,,,,,0,0,image_local_path_proposals_v1
CMA:155934,CMA,https://openaccess-cdn.clevelandart.org/1991.223/1991.223_web.jpg,unmatched,0,,0,0,,,,,0,0,image_local_path_proposals_v1
CMA:156237,CMA,https://openaccess-cdn.clevelandart.org/1992.103/1992.103_web.jpg,unmatched,0,,0,0,,,,,0,0,image_local_path_proposals_v1
CMA:157111,CMA,https://openaccess-cdn.clevelandart.org/1993.242/1993.242_web.jpg,unmatched,0,,0,0,,,,,0,0,image_local_path_proposals_v1
CMA:157112,CMA,https://openaccess-cdn.clevelandart.org/1993.243/1993.243_web.jpg,unmatched,0,,0,0,,,,,0,0,image_local_path_proposals_v1
CMA:160691,CMA,https://openaccess-cdn.clevelandart.org/1998.52/1998.52_web.jpg,unmatched,0,,0,0,,,,,0,0,image_local_path_proposals_v1
CMA:160692,CMA,https://openaccess-cdn.clevelandart.org/1998.53/1998.53_web.jpg,unmatched,0,,0,0,,,,,0,0,image_local_path_proposals_v1
CMA:163622,CMA,https://openaccess-cdn.clevelandart.org/2005.13/2005.13_web.jpg,unmatched,0,,0,0,,,,,0,0,image_local_path_proposals_v1
CMA:163640,CMA,https://openaccess-cdn.clevelandart.org/2005.14/2005.14_web.jpg,unmatched,0,,0,0,,,,,0,0,image_local_path_proposals_v1
CMA:163676,CMA,https://openaccess-cdn.clevelandart.org/2005.15/2005.15_web.jpg,unmatched,0,,0,0,,,,,0,0,image_local_path_proposals_v1
CMA:163708,CMA,https://openaccess-cdn.clevelandart.org/2005.16/2005.16_web.jpg,unmatched,0,,0,0,,,,,0,0,image_local_path_proposals_v1
CMA:163724,CMA,https://openaccess-cdn.clevelandart.org/2005.17/2005.17_web.jpg,unmatched,0,,0,0,,,,,0,0,image_local_path_proposals_v1
CMA:163758,CMA,https://openaccess-cdn.clevelandart.org/2005.18/2005.18_web.jpg,unmatched,0,,0,0,,,,,0,0,image_local_path_proposals_v1
CMA:163781,CMA,https://openaccess-cdn.clevelandart.org/2005.19/2005.19_web.jpg,unmatched,0,,0,0,,,,,0,0,image_local_path_proposals_v1
CMA:164419,CMA,https://openaccess-cdn.clevelandart.org/2005.5/2005.5_web.jpg,unmatched,0,,0,0,,,,,0,0,image_local_path_proposals_v1
CMA:164421,CMA,https://openaccess-cdn.clevelandart.org/2005.5.2/2005.5.2_web.jpg,unmatched,0,,0,0,,,,,0,0,image_local_path_proposals_v1
CMA:164428,CMA,https://openaccess-cdn.clevelandart.org/2005.53/2005.53_web.jpg,unmatched,0,,0,0,,,,,0,0,image_local_path_proposals_v1
CMA:164429,CMA,https://openaccess-cdn.clevelandart.org/2005.53.a/2005.53.a_web.jpg,unmatched,0,,0,0,,,,,0,0,image_local_path_proposals_v1
CMA:164430,CMA,https://openaccess-cdn.clevelandart.org/2005.53.b/2005.53.b_web.jpg,unmatched,0,,0,0,,,,,0,0,image_local_path_proposals_v1
CMA:165184,CMA,https://openaccess-cdn.clevelandart.org/2007.179/2007.179_web.jpg,unmatched,0,,0,0,,,,,0,0,image_local_path_proposals_v1
CMA:165266,CMA,https://openaccess-cdn.clevelandart.org/2007.2/2007.2_web.jpg,unmatched,0,,0,0,,,,,0,0,image_local_path_proposals_v1
CMA:165267,CMA,https://openaccess-cdn.clevelandart.org/2007.2.1/2007.2.1_web.jpg,unmatched,0,,0,0,,,,,0,0,image_local_path_proposals_v1
CMA:165268,CMA,https://openaccess-cdn.clevelandart.org/2007.2.2/2007.2.2_web.jpg,unmatched,0,,0,0,,,,,0,0,image_local_path_proposals_v1
CMA:165269,CMA,https://openaccess-cdn.clevelandart.org/2007.2.3/2007.2.3_web.jpg,unmatched,0,,0,0,,,,,0,0,image_local_path_proposals_v1
CMA:166766,CMA,https://openaccess-cdn.clevelandart.org/2008.58/2008.58_web.jpg,unmatched,0,,0,0,,,,,0,0,image_local_path_proposals_v1
CMA:169189,CMA,https://openaccess-cdn.clevelandart.org/2011.111.1/2011.111.1_web.jpg,unmatched,0,,0,0,,,,,0,0,image_local_path_proposals_v1
CMA:292530,CMA,https://openaccess-cdn.clevelandart.org/2016.267/2016.267_web.jpg,unmatched,0,,0,0,,,,,0,0,image_local_path_proposals_v1
CMA:302272,CMA,https://openaccess-cdn.clevelandart.org/2017.193/2017.193_web.jpg,unmatched,0,,0,0,,,,,0,0,image_local_path_proposals_v1
MET:307449,MET,https://images.metmuseum.org/CRDImages/ao/original/50407.jpg,unmatched,0,,0,0,,,,,0,0,image_local_path_proposals_v1
MET:307677,MET,https://images.metmuseum.org/CRDImages/ao/original/DP18485.jpg,unmatched,0,,0,0,,,,,0,0,image_local_path_proposals_v1
MET:307679,MET,https://images.metmuseum.org/CRDImages/ao/original/DP18487.jpg,unmatched,0,,0,0,,,,,0,0,image_local_path_proposals_v1
MET:307682,MET,https://images.metmuseum.org/CRDImages/ao/original/DP170923.jpg,unmatched,0,,0,0,,,,,0,0,image_local_path_proposals_v1
MET:307683,MET,https://images.metmuseum.org/CRDImages/ao/original/33.149.76-94.jpg,unmatched,0,,0,0,,,,,0,0,image_local_path_proposals_v1
MET:307806,MET,https://images.metmuseum.org/CRDImages/ao/original/vs09_50_1085.jpg,unmatched,0,,0,0,,,,,0,0,image_local_path_proposals_v1
MET:307836,MET,https://images.metmuseum.org/CRDImages/ao/original/DP101287.jpg,unmatched,0,,0,0,,,,,0,0,image_local_path_proposals_v1
MET:307841,MET,https://images.metmuseum.org/CRDImages/ao/original/DP18589.jpg,unmatched,0,,0,0,,,,,0,0,image_local_path_proposals_v1
MET:307842,MET,https://images.metmuseum.org/CRDImages/ao/original/DP18689.jpg,unmatched,0,,0,0,,,,,0,0,image_local_path_proposals_v1
MET:307843,MET,https://images.metmuseum.org/CRDImages/ao/original/DP18590.jpg,unmatched,0,,0,0,,,,,0,0,image_local_path_proposals_v1
MET:307844,MET,https://images.metmuseum.org/CRDImages/ao/original/DP18605.jpg,unmatched,0,,0,0,,,,,0,0,image_local_path_proposals_v1
MET:307846,MET,https://images.metmuseum.org/CRDImages/ao/original/88392.jpg,unmatched,0,,0,0,,,,,0,0,image_local_path_proposals_v1
MET:307851,MET,https://images.metmuseum.org/CRDImages/ao/original/DP18456.jpg,unmatched,0,,0,0,,,,,0,0,image_local_path_proposals_v1
MET:307852,MET,https://images.metmuseum.org/CRDImages/ao/original/DP18481.jpg,unmatched,0,,0,0,,,,,0,0,image_local_path_proposals_v1
MET:307853,MET,https://images.metmuseum.org/CRDImages/ao/original/DP18565.jpg,unmatched,0,,0,0,,,,,0,0,image_local_path_proposals_v1
MET:307933,MET,https://images.metmuseum.org/CRDImages/ao/original/LC-28_64_27_TMSa.jpg,unmatched,0,,0,0,,,,,0,0,image_local_path_proposals_v1
MET:307940,MET,https://images.metmuseum.org/CRDImages/ao/original/72153.jpg,unmatched,0,,0,0,,,,,0,0,image_local_path_proposals_v1
MET:307941,MET,"https://images.metmuseum.org/CRDImages/ao/original/DP18687_28.171.4,1.jpg",unmatched,0,,0,0,,,,,0,0,image_local_path_proposals_v1
MET:307943,MET,https://images.metmuseum.org/CRDImages/ao/original/DP101351.jpg,unmatched,0,,0,0,,,,,0,0,image_local_path_proposals_v1
MET:307944,MET,https://images.metmuseum.org/CRDImages/ao/original/LC-28_171_7_TMSa.jpg,unmatched,0,,0,0,,,,,0,0,image_local_path_proposals_v1
MET:307950,MET,https://images.metmuseum.org/CRDImages/ao/original/DP233569.jpg,unmatched,0,,0,0,,,,,0,0,image_local_path_proposals_v1
MET:307953,MET,https://images.metmuseum.org/CRDImages/ao/original/DP18444.jpg,unmatched,0,,0,0,,,,,0,0,image_local_path_proposals_v1
MET:307959,MET,https://images.metmuseum.org/CRDImages/ao/original/29.146.8.jpg,unmatched,0,,0,0,,,,,0,0,image_local_path_proposals_v1
MET:307960,MET,https://images.metmuseum.org/CRDImages/ao/original/29.146.9.jpg,unmatched,0,,0,0,,,,,0,0,image_local_path_proposals_v1
MET:307961,MET,https://images.metmuseum.org/CRDImages/ao/original/75153.jpg,unmatched,0,,0,0,,,,,0,0,image_local_path_proposals_v1
MET:307962,MET,https://images.metmuseum.org/CRDImages/ao/original/29.146.11.jpg,unmatched,0,,0,0,,,,,0,0,image_local_path_proposals_v1
MET:307963,MET,https://images.metmuseum.org/CRDImages/ao/original/DP18609.jpg,unmatched,0,,0,0,,,,,0,0,image_local_path_proposals_v1
MET:307964,MET,https://images.metmuseum.org/CRDImages/ao/original/DP18634.jpg,unmatched,0,,0,0,,,,,0,0,image_local_path_proposals_v1
MET:307965,MET,https://images.metmuseum.org/CRDImages/ao/original/DP18634.jpg,unmatched,0,,0,0,,,,,0,0,image_local_path_proposals_v1
MET:307966,MET,https://images.metmuseum.org/CRDImages/ao/original/29.146.14 -15.jpg,unmatched,0,,0,0,,,,,0,0,image_local_path_proposals_v1
MET:307967,MET,https://images.metmuseum.org/CRDImages/ao/original/29.146.14 -15.jpg,unmatched,0,,0,0,,,,,0,0,image_local_path_proposals_v1
MET:307968,MET,https://images.metmuseum.org/CRDImages/ao/original/29.146.16.jpg,unmatched,0,,0,0,,,,,0,0,image_local_path_proposals_v1
MET:307972,MET,https://images.metmuseum.org/CRDImages/ao/original/DP18617.jpg,unmatched,0,,0,0,,,,,0,0,image_local_path_proposals_v1
MET:307975,MET,https://images.metmuseum.org/CRDImages/ao/original/DT829.jpg,unmatched,0,,0,0,,,,,0,0,image_local_path_proposals_v1
MET:307991,MET,https://images.metmuseum.org/CRDImages/ao/original/77991.jpg,unmatched,0,,0,0,,,,,0,0,image_local_path_proposals_v1
MET:308015,MET,https://images.metmuseum.org/CRDImages/ao/original/DP18635.jpg,unmatched,0,,0,0,,,,,0,0,image_local_path_proposals_v1
MET:308016,MET,https://images.metmuseum.org/CRDImages/ao/original/DP18620.jpg,unmatched,0,,0,0,,,,,0,0,image_local_path_proposals_v1
MET:308017,MET,https://images.metmuseum.org/CRDImages/ao/original/DP18640.jpg,unmatched,0,,0,0,,,,,0,0,image_local_path_proposals_v1
MET:308021,MET,https://images.metmuseum.org/CRDImages/ao/original/DP18587_32.32.8.jpg,unmatched,0,,0,0,,,,,0,0,image_local_path_proposals_v1
MET:308022,MET,https://images.metmuseum.org/CRDImages/ao/original/DP-26534-001.jpg,unmatched,0,,0,0,,,,,0,0,image_local_path_proposals_v1
MET:308023,MET,https://images.metmuseum.org/CRDImages/ao/original/DP18585_32.32.10.jpg,unmatched,0,,0,0,,,,,0,0,image_local_path_proposals_v1
MET:308024,MET,https://images.metmuseum.org/CRDImages/ao/original/DP-26535-001.jpg,unmatched,0,,0,0,,,,,0,0,image_local_path_proposals_v1
MET:308025,MET,https://images.metmuseum.org/CRDImages/ao/original/DP18593.jpg,unmatched,0,,0,0,,,,,0,0,image_local_path_proposals_v1
MET:308026,MET,https://images.metmuseum.org/CRDImages/ao/original/DP18586_32.32.13.jpg,unmatched,0,,0,0,,,,,0,0,image_local_path_proposals_v1
MET:308027,MET,https://images.metmuseum.org/CRDImages/ao/original/DP18600.jpg,unmatched,0,,0,0,,,,,0,0,image_local_path_proposals_v1
MET:308028,MET,https://images.metmuseum.org/CRDImages/ao/original/DP18595.jpg,unmatched,0,,0,0,,,,,0,0,image_local_path_proposals_v1
MET:308029,MET,https://images.metmuseum.org/CRDImages/ao/original/DP18594.jpg,unmatched,0,,0,0,,,,,0,0,image_local_path_proposals_v1
MET:308034,MET,https://images.metmuseum.org/CRDImages/ao/original/DP18571.jpg,unmatched,0,,0,0,,,,,0,0,image_local_path_proposals_v1
MET:308035,MET,https://images.metmuseum.org/CRDImages/ao/original/DP18570.jpg,unmatched,0,,0,0,,,,,0,0,image_local_path_proposals_v1
MET:308036,MET,https://images.metmuseum.org/CRDImages/ao/original/33.149.1-67-70-76.jpg,unmatched,0,,0,0,,,,,0,0,image_local_path_proposals_v1
MET:308037,MET,https://images.metmuseum.org/CRDImages/ao/original/DP18551.jpg,unmatched,0,,0,0,,,,,0,0,image_local_path_proposals_v1
MET:308039,MET,https://images.metmuseum.org/CRDImages/ao/original/DP18447.jpg,unmatched,0,,0,0,,,,,0,0,image_local_path_proposals_v1
MET:308040,MET,https://images.metmuseum.org/CRDImages/ao/original/DP18451.jpg,unmatched,0,,0,0,,,,,0,0,image_local_path_proposals_v1
MET:308042,MET,https://images.metmuseum.org/CRDImages/ao/original/TP391.jpg,unmatched,0,,0,0,,,,,0,0,image_local_path_proposals_v1
MET:308044,MET,https://images.metmuseum.org/CRDImages/ao/original/DP18526.jpg,unmatched,0,,0,0,,,,,0,0,image_local_path_proposals_v1
MET:308046,MET,https://images.metmuseum.org/CRDImages/ao/original/DP18569.jpg,unmatched,0,,0,0,,,,,0,0,image_local_path_proposals_v1
MET:308048,MET,https://images.metmuseum.org/CRDImages/ao/original/DP18558.jpg,unmatched,0,,0,0,,,,,0,0,image_local_path_proposals_v1
MET:308053,MET,https://images.metmuseum.org/CRDImages/ao/original/DP18553.jpg,unmatched,0,,0,0,,,,,0,0,image_local_path_proposals_v1
MET:308056,MET,https://images.metmuseum.org/CRDImages/ao/original/DP18567.jpg,unmatched,0,,0,0,,,,,0,0,image_local_path_proposals_v1
MET:308057,MET,https://images.metmuseum.org/CRDImages/ao/original/DP18568.jpg,unmatched,0,,0,0,,,,,0,0,image_local_path_proposals_v1
MET:308058,MET,https://images.metmuseum.org/CRDImages/ao/original/DP18549.jpg,unmatched,0,,0,0,,,,,0,0,image_local_path_proposals_v1
MET:308060,MET,https://images.metmuseum.org/CRDImages/ao/original/DP18547.jpg,unmatched,0,,0,0,,,,,0,0,image_local_path_proposals_v1
MET:308068,MET,https://images.metmuseum.org/CRDImages/ao/original/DP18539.jpg,unmatched,0,,0,0,,,,,0,0,image_local_path_proposals_v1
MET:308070,MET,https://images.metmuseum.org/CRDImages/ao/original/DP18537.jpg,unmatched,0,,0,0,,,,,0,0,image_local_path_proposals_v1
MET:308072,MET,https://images.metmuseum.org/CRDImages/ao/original/DP18535.jpg,unmatched,0,,0,0,,,,,0,0,image_local_path_proposals_v1
MET:308076,MET,https://images.metmuseum.org/CRDImages/ao/original/33.149.41.jpg,unmatched,0,,0,0,,,,,0,0,image_local_path_proposals_v1
MET:308077,MET,https://images.metmuseum.org/CRDImages/ao/original/DP18450.jpg,unmatched,0,,0,0,,,,,0,0,image_local_path_proposals_v1
MET:308078,MET,https://images.metmuseum.org/CRDImages/ao/original/DP-27315-001.jpg,unmatched,0,,0,0,,,,,0,0,image_local_path_proposals_v1
MET:308079,MET,https://images.metmuseum.org/CRDImages/ao/original/DP18702_33.149.44.jpg,unmatched,0,,0,0,,,,,0,0,image_local_path_proposals_v1
MET:308083,MET,https://images.metmuseum.org/CRDImages/ao/original/DP101353.jpg,unmatched,0,,0,0,,,,,0,0,image_local_path_proposals_v1
MET:308084,MET,https://images.metmuseum.org/CRDImages/ao/original/97502.jpg,unmatched,0,,0,0,,,,,0,0,image_local_path_proposals_v1
MET:308098,MET,https://images.metmuseum.org/CRDImages/ao/original/DP18454.jpg,unmatched,0,,0,0,,,,,0,0,image_local_path_proposals_v1
MET:308100,MET,https://images.metmuseum.org/CRDImages/ao/original/DP18575_33.149.70.jpg,unmatched,0,,0,0,,,,,0,0,image_local_path_proposals_v1
MET:308101,MET,https://images.metmuseum.org/CRDImages/ao/original/DP18482.jpg,unmatched,0,,0,0,,,,,0,0,image_local_path_proposals_v1
MET:308105,MET,https://images.metmuseum.org/CRDImages/ao/original/DP18461.jpg,unmatched,0,,0,0,,,,,0,0,image_local_path_proposals_v1
MET:308106,MET,https://images.metmuseum.org/CRDImages/ao/original/33.149.1-67-70-76.jpg,unmatched,0,,0,0,,,,,0,0,image_local_path_proposals_v1
MET:308113,MET,https://images.metmuseum.org/CRDImages/ao/original/DP18528.jpg,unmatched,0,,0,0,,,,,0,0,image_local_path_proposals_v1
MET:308120,MET,https://images.metmuseum.org/CRDImages/ao/original/DP-26536-001.jpg,unmatched,0,,0,0,,,,,0,0,image_local_path_proposals_v1
MET:308282,MET,https://images.metmuseum.org/CRDImages/ao/original/TP410.jpg,unmatched,0,,0,0,,,,,0,0,image_local_path_proposals_v1
MET:308283,MET,https://images.metmuseum.org/CRDImages/ao/original/DP221260.jpg,unmatched,0,,0,0,,,,,0,0,image_local_path_proposals_v1
MET:308284,MET,https://images.metmuseum.org/CRDImages/ao/original/169776.jpg,unmatched,0,,0,0,,,,,0,0,image_local_path_proposals_v1
MET:308285,MET,https://images.metmuseum.org/CRDImages/ao/original/169777.jpg,unmatched,0,,0,0,,,,,0,0,image_local_path_proposals_v1
MET:308290,MET,https://images.metmuseum.org/CRDImages/ao/original/175775.jpg,unmatched,0,,0,0,,,,,0,0,image_local_path_proposals_v1
MET:309528,MET,https://images.metmuseum.org/CRDImages/ao/original/189514.jpg,unmatched,0,,0,0,,,,,0,0,image_local_path_proposals_v1
MET:310059,MET,https://images.metmuseum.org/CRDImages/ao/original/vs1978_412_13.jpg,unmatched,0,,0,0,,,,,0,0,image_local_path_proposals_v1
MET:310511,MET,https://images.metmuseum.org/CRDImages/ao/original/SC207345.jpg,unmatched,0,,0,0,,,,,0,0,image_local_path_proposals_v1
MET:310695,MET,https://images.metmuseum.org/CRDImages/ao/original/221102.jpg,unmatched,0,,0,0,,,,,0,0,image_local_path_proposals_v1
MET:310697,MET,https://images.metmuseum.org/CRDImages/ao/original/221104.jpg,unmatched,0,,0,0,,,,,0,0,image_local_path_proposals_v1
MET:310698,MET,https://images.metmuseum.org/CRDImages/ao/original/DP-26537-001.jpg,unmatched,0,,0,0,,,,,0,0,image_local_path_proposals_v1
MET:310699,MET,https://images.metmuseum.org/CRDImages/ao/original/221106.jpg,unmatched,0,,0,0,,,,,0,0,image_local_path_proposals_v1
MET:312614,MET,https://images.metmuseum.org/CRDImages/ao/original/TP411.jpg,unmatched,0,,0,0,,,,,0,0,image_local_path_proposals_v1
MET:312615,MET,https://images.metmuseum.org/CRDImages/ao/original/TP412.jpg,unmatched,0,,0,0,,,,,0,0,image_local_path_proposals_v1
MET:312669,MET,https://images.metmuseum.org/CRDImages/ao/original/1979_206_459_EX_01.jpg,unmatched,0,,0,0,,,,,0,0,image_local_path_proposals_v1
MET:313121,MET,https://images.metmuseum.org/CRDImages/ao/original/222448.jpg,unmatched,0,,0,0,,,,,0,0,image_local_path_proposals_v1
MET:313152,MET,https://images.metmuseum.org/CRDImages/ao/original/DP244273.jpg,unmatched,0,,0,0,,,,,0,0,image_local_path_proposals_v1
MET:313153,MET,https://images.metmuseum.org/CRDImages/ao/original/DP-39316-001.jpg,unmatched,0,,0,0,,,,,0,0,image_local_path_proposals_v1
MET:313324,MET,https://images.metmuseum.org/CRDImages/ao/original/1979.206.1131_a.jpg,unmatched,0,,0,0,,,,,0,0,image_local_path_proposals_v1
MET:314363,MET,https://images.metmuseum.org/CRDImages/ao/original/DP221262.jpg,unmatched,0,,0,0,,,,,0,0,image_local_path_proposals_v1
MET:314528,MET,https://images.metmuseum.org/CRDImages/ao/original/DP107698.jpg,unmatched,0,,0,0,,,,,0,0,image_local_path_proposals_v1
MET:315690,MET,https://images.metmuseum.org/CRDImages/ao/original/DP18706_1987.394.642.jpg,unmatched,0,,0,0,,,,,0,0,image_local_path_proposals_v1
MET:315700,MET,https://images.metmuseum.org/CRDImages/ao/original/DP-26541-001.jpg,unmatched,0,,0,0,,,,,0,0,image_local_path_proposals_v1
MET:315708,MET,https://images.metmuseum.org/CRDImages/ao/original/DP18703.jpg,unmatched,0,,0,0,,,,,0,0,image_local_path_proposals_v1
MET:315772,MET,https://images.metmuseum.org/CRDImages/ao/original/DP-26542-001.jpg,unmatched,0,,0,0,,,,,0,0,image_local_path_proposals_v1
MET:315786,MET,https://images.metmuseum.org/CRDImages/ao/original/DT1269.jpg,unmatched,0,,0,0,,,,,0,0,image_local_path_proposals_v1
MET:316892,MET,https://images.metmuseum.org/CRDImages/ao/original/DT3832rev.jpg,unmatched,0,,0,0,,,,,0,0,image_local_path_proposals_v1
MET:316894,MET,https://images.metmuseum.org/CRDImages/ao/original/DP18602.jpg,unmatched,0,,0,0,,,,,0,0,image_local_path_proposals_v1
MET:316906,MET,https://images.metmuseum.org/CRDImages/ao/original/1994.35.81.jpg,unmatched,0,,0,0,,,,,0,0,image_local_path_proposals_v1
MET:316910,MET,"https://images.metmuseum.org/CRDImages/ao/original/DP18680_1994.35.85,2.jpg",unmatched,0,,0,0,,,,,0,0,image_local_path_proposals_v1
MET:316913,MET,https://images.metmuseum.org/CRDImages/ao/original/DP-41567-001.jpg,unmatched,0,,0,0,,,,,0,0,image_local_path_proposals_v1
MET:316915,MET,"https://images.metmuseum.org/CRDImages/ao/original/DP18677_1994.35.90A,B.jpg",unmatched,0,,0,0,,,,,0,0,image_local_path_proposals_v1
MET:316916,MET,https://images.metmuseum.org/CRDImages/ao/original/DP18678_1994.35.91.jpg,unmatched,0,,0,0,,,,,0,0,image_local_path_proposals_v1
MET:316921,MET,https://images.metmuseum.org/CRDImages/ao/original/DP18608.jpg,unmatched,0,,0,0,,,,,0,0,image_local_path_proposals_v1
MET:316925,MET,https://images.metmuseum.org/CRDImages/ao/original/DP18612.jpg,unmatched,0,,0,0,,,,,0,0,image_local_path_proposals_v1
MET:316931,MET,https://images.metmuseum.org/CRDImages/ao/original/1994.35.106_a.JPG,unmatched,0,,0,0,,,,,0,0,image_local_path_proposals_v1
MET:316935,MET,https://images.metmuseum.org/CRDImages/ao/original/vs1994.35.110.jpg,unmatched,0,,0,0,,,,,0,0,image_local_path_proposals_v1
MET:316939,MET,https://images.metmuseum.org/CRDImages/ao/original/DP-13440-003.jpg,unmatched,0,,0,0,,,,,0,0,image_local_path_proposals_v1
MET:316945,MET,https://images.metmuseum.org/CRDImages/ao/original/DP-28474-001.jpg,unmatched,0,,0,0,,,,,0,0,image_local_path_proposals_v1
MET:317736,MET,https://images.metmuseum.org/CRDImages/ao/original/DT1275.jpg,unmatched,0,,0,0,,,,,0,0,image_local_path_proposals_v1
MET:318460,MET,https://images.metmuseum.org/CRDImages/ao/original/vsl1995_49.jpg,unmatched,0,,0,0,,,,,0,0,image_local_path_proposals_v1
MET:318746,MET,https://images.metmuseum.org/CRDImages/ao/original/2001.172_b.jpg,unmatched,0,,0,0,,,,,0,0,image_local_path_proposals_v1
MET:319524,MET,https://images.metmuseum.org/CRDImages/ao/original/2004.406_detail.jpg,unmatched,0,,0,0,,,,,0,0,image_local_path_proposals_v1
MET:319574,MET,https://images.metmuseum.org/CRDImages/ao/original/DP120795.jpg,unmatched,0,,0,0,,,,,0,0,image_local_path_proposals_v1
MET:320054,MET,https://images.metmuseum.org/CRDImages/ao/original/DP107700.jpg,unmatched,0,,0,0,,,,,0,0,image_local_path_proposals_v1
MET:320804,MET,https://images.metmuseum.org/CRDImages/ao/original/TR.489.2010_a.jpg,unmatched,0,,0,0,,,,,0,0,image_local_path_proposals_v1
MET:675980,MET,https://images.metmuseum.org/CRDImages/ao/original/DP-21885-001.jpg,unmatched,0,,0,0,,,,,0,0,image_local_path_proposals_v1
MET:751900,MET,https://images.metmuseum.org/CRDImages/ao/original/DP-14285-001.jpg,unmatched,0,,0,0,,,,,0,0,image_local_path_proposals_v1
MET:833953,MET,https://images.metmuseum.org/CRDImages/ao/original/DP-18736-001.jpg,unmatched,0,,0,0,,,,,0,0,image_local_path_proposals_v1
