relative_image_path,filename,stem,suffix,filename_normalized,stem_normalized,size_bytes,image_width,image_height,image_format,image_readable,image_error,sha256,inventory_version
data/images/cma/CMA_102924.jpg,CMA_102924.jpg,CMA_102924,.jpg,cma102924jpg,cma102924,248446,303,893,JPEG,True,,de9ee8775917a1e9a6025397fe227bf282325db442f6c74e401ea848f634a08b,local_image_inventory_v1
data/images/cma/CMA_104234.jpg,CMA_104234.jpg,CMA_104234,.jpg,cma104234jpg,cma104234,907847,1124,893,JPEG,True,,731182bba04eabb294acc242316cdd600a2a0a62a791f6880116ad8a3698d0ba,local_image_inventory_v1
data/images/cma/CMA_104236.jpg,CMA_104236.jpg,CMA_104236,.jpg,cma104236jpg,cma104236,885053,1263,829,JPEG,True,,22f9b85b07f0aae0480fb37a0f992053594924d17dc771dd65c5062834863671,local_image_inventory_v1
data/images/cma/CMA_104238.jpg,CMA_104238.jpg,CMA_104238,.jpg,cma104238jpg,cma104238,305053,437,893,JPEG,True,,77087c319a10c79d018dd719512950272a386c52504cee5808d88ea7853cef42,local_image_inventory_v1
data/images/cma/CMA_104240.jpg,CMA_104240.jpg,CMA_104240,.jpg,cma104240jpg,cma104240,323679,1263,270,JPEG,True,,95e8aee3b9b04121ac4b54a9c4c5cff7916fbf681edb00f09a02d6cb90eb7402,local_image_inventory_v1
data/images/cma/CMA_104241.jpg,CMA_104241.jpg,CMA_104241,.jpg,cma104241jpg,cma104241,338462,742,900,JPEG,True,,723b0bc2ecf87ae5961b437040f81c095075f4ac539d471b74489b6482515e76,local_image_inventory_v1
data/images/cma/CMA_104242.jpg,CMA_104242.jpg,CMA_104242,.jpg,cma104242jpg,cma104242,173500,900,270,JPEG,True,,c03af74af54f0a0d256dd6c73ce70b04f36ffdb0ebbf6c7510074b522efd2f64,local_image_inventory_v1
data/images/cma/CMA_104243.jpg,CMA_104243.jpg,CMA_104243,.jpg,cma104243jpg,cma104243,172858,900,284,JPEG,True,,242a73b74c496c3e52076e5410a90b1bea19e057809d8b92aa36e8f43c4e4b78,local_image_inventory_v1
data/images/cma/CMA_104244.jpg,CMA_104244.jpg,CMA_104244,.jpg,cma104244jpg,cma104244,171197,900,292,JPEG,True,,83f905596afb2180015c709156f4a5d5a3e3fb2365d644e7201abfe43edf1994,local_image_inventory_v1
data/images/cma/CMA_104245.jpg,CMA_104245.jpg,CMA_104245,.jpg,cma104245jpg,cma104245,168719,900,277,JPEG,True,,69d0b82bfa091d4c083585db31bc86e4ae2ffb937da90e298f5d89591343d614,local_image_inventory_v1
data/images/cma/CMA_104246.jpg,CMA_104246.jpg,CMA_104246,.jpg,cma104246jpg,cma104246,378801,807,900,JPEG,True,,283af313bb8eafe50108de27cd778a9aa104708e4fe5a37799ee862a7db7cc3e,local_image_inventory_v1
data/images/cma/CMA_104247.jpg,CMA_104247.jpg,CMA_104247,.jpg,cma104247jpg,cma104247,197364,900,313,JPEG,True,,3996d38e0189236228978b91271171c99bdf3e5ac232d26677cf56ca3adb94f2,local_image_inventory_v1
data/images/cma/CMA_104248.jpg,CMA_104248.jpg,CMA_104248,.jpg,cma104248jpg,cma104248,201662,900,336,JPEG,True,,807b7823f7d6100a9a13db9d9a05e726ce7ad44a4073b4bd0b0e162a99e14d16,local_image_inventory_v1
data/images/cma/CMA_104249.jpg,CMA_104249.jpg,CMA_104249,.jpg,cma104249jpg,cma104249,198168,900,293,JPEG,True,,603af7c85ee66714cbf049064e9496e3270cb8f8d08fc28367d05259dcc1a965,local_image_inventory_v1
data/images/cma/CMA_104390.jpg,CMA_104390.jpg,CMA_104390,.jpg,cma104390jpg,cma104390,78197,750,618,JPEG,True,,ab9d040d9ed45aa5ef8aacd9d1dc1ed9cffd3f84ac0f50877016101c64304a94,local_image_inventory_v1
data/images/cma/CMA_108026.jpg,CMA_108026.jpg,CMA_108026,.jpg,cma108026jpg,cma108026,931551,1160,893,JPEG,True,,b41bf6cf1d4fe5c5d94b33efe7b1ea8983fa2069599f486de6ebc8ee51d2edbf,local_image_inventory_v1
data/images/cma/CMA_108033.jpg,CMA_108033.jpg,CMA_108033,.jpg,cma108033jpg,cma108033,608630,682,893,JPEG,True,,9df6062b59741766ebecf351026c9b8d0fae2086cc547f018a61801bf29edd7c,local_image_inventory_v1
data/images/cma/CMA_108034.jpg,CMA_108034.jpg,CMA_108034,.jpg,cma108034jpg,cma108034,571417,682,893,JPEG,True,,781e645166556d51379e7d8ea6ffe0638f6073b8511fc28bb681014b293ef213,local_image_inventory_v1
data/images/cma/CMA_108038.jpg,CMA_108038.jpg,CMA_108038,.jpg,cma108038jpg,cma108038,383365,1263,333,JPEG,True,,cfdf77e399211f9423149eeba6bfe62e8c2309ee751343aeaaa9fbe8e66ce6a7,local_image_inventory_v1
data/images/cma/CMA_108042.jpg,CMA_108042.jpg,CMA_108042,.jpg,cma108042jpg,cma108042,168622,900,575,JPEG,True,,7c42d15ba415cf8ea11df7de3d10949831b7037992e4440ae15ea11e85d1db7d,local_image_inventory_v1
data/images/cma/CMA_108043.jpg,CMA_108043.jpg,CMA_108043,.jpg,cma108043jpg,cma108043,888764,1251,893,JPEG,True,,8ac8d2dfcee4ea38858a4e232e54d8823016780867ec82cc7edcc9b33aebf3d2,local_image_inventory_v1
data/images/cma/CMA_108044.jpg,CMA_108044.jpg,CMA_108044,.jpg,cma108044jpg,cma108044,493584,743,893,JPEG,True,,77bb6ecddd39ceecbda6a5bac222d36081401bac1aa11a2fc9c0e36202b2421c,local_image_inventory_v1
data/images/cma/CMA_114131.jpg,CMA_114131.jpg,CMA_114131,.jpg,cma114131jpg,cma114131,138282,900,435,JPEG,True,,58c6a82464be721ff3765a77ac9a6c5bdb40da12055e969851cf077d807abcdc,local_image_inventory_v1
data/images/cma/CMA_114132.jpg,CMA_114132.jpg,CMA_114132,.jpg,cma114132jpg,cma114132,634698,1263,548,JPEG,True,,5617efb1b71cb1e60755c81e8a2f0241bb60edd6827f27c525be7e7e6b31ff38,local_image_inventory_v1
data/images/cma/CMA_119652.jpg,CMA_119652.jpg,CMA_119652,.jpg,cma119652jpg,cma119652,454257,1263,377,JPEG,True,,6c72bf147e7711018097cdfcb769d7c799eb0c44a35e6b08eebbfdb1bb807a6e,local_image_inventory_v1
data/images/cma/CMA_119655.jpg,CMA_119655.jpg,CMA_119655,.jpg,cma119655jpg,cma119655,686337,1263,578,JPEG,True,,2af8c7985724aa01307db4713b572d7623b5d434b45543ef0fddd2fd71f7ec0c,local_image_inventory_v1
data/images/cma/CMA_119656.jpg,CMA_119656.jpg,CMA_119656,.jpg,cma119656jpg,cma119656,83466,750,678,JPEG,True,,ec3532effa6a2ba3e0a4ba78fb426a3e197088ebb83a458e13e3af7f7281030c,local_image_inventory_v1
data/images/cma/CMA_119675.jpg,CMA_119675.jpg,CMA_119675,.jpg,cma119675jpg,cma119675,676551,780,893,JPEG,True,,5205614009d203517200bc89a51b97c7eaf8cd41de5397c458512592c83a52e8,local_image_inventory_v1
data/images/cma/CMA_119676.jpg,CMA_119676.jpg,CMA_119676,.jpg,cma119676jpg,cma119676,345598,1263,432,JPEG,True,,cea0a91fa5f8fc90fdc4034fb2e272803b59a2f2f6fe83273b0019241993d8e1,local_image_inventory_v1
data/images/cma/CMA_119677.jpg,CMA_119677.jpg,CMA_119677,.jpg,cma119677jpg,cma119677,190501,336,893,JPEG,True,,c34bd781b64beb01dc054ede6dd9ece8fd9fb03f5fc9fd916b4b9650ff892edf,local_image_inventory_v1
data/images/cma/CMA_119678.jpg,CMA_119678.jpg,CMA_119678,.jpg,cma119678jpg,cma119678,251540,372,893,JPEG,True,,3cd33082e2df2d840eed0bdf6696d088da21a284ffea9e50ccb122c1630bcd61,local_image_inventory_v1
data/images/cma/CMA_119679.jpg,CMA_119679.jpg,CMA_119679,.jpg,cma119679jpg,cma119679,479064,533,893,JPEG,True,,15d840877673b4d71150663401c1e6726072ae69f81e31a8f919c40b9989418a,local_image_inventory_v1
data/images/cma/CMA_119680.jpg,CMA_119680.jpg,CMA_119680,.jpg,cma119680jpg,cma119680,355392,489,893,JPEG,True,,046b556cbb809c5f3bcd18b47a2647e605c80e4a3599c8a3b43db734b20dadfc,local_image_inventory_v1
data/images/cma/CMA_119682.jpg,CMA_119682.jpg,CMA_119682,.jpg,cma119682jpg,cma119682,170163,509,900,JPEG,True,,ea9f6ae3364c594d8ad7d3a55e478ac7638e19c9ea79f405f97b034c466f2533,local_image_inventory_v1
data/images/cma/CMA_119683.jpg,CMA_119683.jpg,CMA_119683,.jpg,cma119683jpg,cma119683,219768,565,900,JPEG,True,,d8b0dab52942203e04db28f070b190b990b5d2e1cef935590e04c15685fac1ca,local_image_inventory_v1
data/images/cma/CMA_119684.jpg,CMA_119684.jpg,CMA_119684,.jpg,cma119684jpg,cma119684,400281,493,893,JPEG,True,,f9ccd4c9de2f07c0821e77b34b87832ef31924a1198be1e4e22ffd9786fd11e2,local_image_inventory_v1
data/images/cma/CMA_119685.jpg,CMA_119685.jpg,CMA_119685,.jpg,cma119685jpg,cma119685,199636,526,900,JPEG,True,,9807b1148ba1993a76615af722a726142ae8da9119ca9dba48f5e6d6f8875d1f,local_image_inventory_v1
data/images/cma/CMA_119686.jpg,CMA_119686.jpg,CMA_119686,.jpg,cma119686jpg,cma119686,212249,549,900,JPEG,True,,d85b7ce49168604662379a9a31e4245e7d0c74477f7d056bee18e031d2c14c3f,local_image_inventory_v1
data/images/cma/CMA_119687.jpg,CMA_119687.jpg,CMA_119687,.jpg,cma119687jpg,cma119687,401422,563,893,JPEG,True,,df60750814b3ac602459f694d00b382296057788d023011b5c963e3aa11ef5cb,local_image_inventory_v1
data/images/cma/CMA_119688.jpg,CMA_119688.jpg,CMA_119688,.jpg,cma119688jpg,cma119688,491880,585,893,JPEG,True,,38d027b319a8f681136e5f41927611da16c62213e8a9275071decceb193e2039,local_image_inventory_v1
data/images/cma/CMA_119689.jpg,CMA_119689.jpg,CMA_119689,.jpg,cma119689jpg,cma119689,221155,550,900,JPEG,True,,bb188a892a1cee5b57645335cd34651c1c934df001f52a7c2779a21191b52e56,local_image_inventory_v1
data/images/cma/CMA_119690.jpg,CMA_119690.jpg,CMA_119690,.jpg,cma119690jpg,cma119690,815815,1188,893,JPEG,True,,588a2bbadc36698709355dcd18c27c0450220eb378afaf3d80360626d22a698f,local_image_inventory_v1
data/images/cma/CMA_119693.jpg,CMA_119693.jpg,CMA_119693,.jpg,cma119693jpg,cma119693,95485,1263,344,JPEG,True,,cabe2eee67f9f084dc3953c3f0f2a64615c473744bfe2d17bf49ea688cde7d06,local_image_inventory_v1
data/images/cma/CMA_124413.jpg,CMA_124413.jpg,CMA_124413,.jpg,cma124413jpg,cma124413,143795,750,747,JPEG,True,,1843343ddbb874f23211484b47f9ae2d1ca93d5984ea98ba2689c48cf012b3a1,local_image_inventory_v1
data/images/cma/CMA_124739.jpg,CMA_124739.jpg,CMA_124739,.jpg,cma124739jpg,cma124739,827760,1263,682,JPEG,True,,17f7d82b341fe0b24c6df72e7db58ff85a2ffaf52064588ffc27c00ea6a54186,local_image_inventory_v1
data/images/cma/CMA_124740.jpg,CMA_124740.jpg,CMA_124740,.jpg,cma124740jpg,cma124740,470515,780,900,JPEG,True,,531e1eb44f317f2097015437acf075539e1206ae67ded4d386f28b4b976a82c6,local_image_inventory_v1
data/images/cma/CMA_124741.jpg,CMA_124741.jpg,CMA_124741,.jpg,cma124741jpg,cma124741,270355,900,519,JPEG,True,,0642ca4c36c5227abf9fec126e3f5dbaf8f573c966f795f7f29e36a9a6f09484,local_image_inventory_v1
data/images/cma/CMA_125095.jpg,CMA_125095.jpg,CMA_125095,.jpg,cma125095jpg,cma125095,820160,858,893,JPEG,True,,96145bef7edbcbfe819ba8d09c445d153d0f326fb4a3fa6d0a4aeaa35dd7ab40,local_image_inventory_v1
data/images/cma/CMA_126684.jpg,CMA_126684.jpg,CMA_126684,.jpg,cma126684jpg,cma126684,789252,891,893,JPEG,True,,3d6c9365fac20eb2798f6ff293d81e7d0f455521522d48b5142a99285a90ee28,local_image_inventory_v1
data/images/cma/CMA_128454.jpg,CMA_128454.jpg,CMA_128454,.jpg,cma128454jpg,cma128454,527735,725,893,JPEG,True,,3b59679df9f2cbf59b418f65b0e912c6369dd0a7fcd878507cd62c819c2814d6,local_image_inventory_v1
data/images/cma/CMA_130555.jpg,CMA_130555.jpg,CMA_130555,.jpg,cma130555jpg,cma130555,807042,1263,706,JPEG,True,,91f6799433f014738ad7617663291c5e0f62d9ce42c28216c0fe87c88a89f8d3,local_image_inventory_v1
data/images/cma/CMA_134395.jpg,CMA_134395.jpg,CMA_134395,.jpg,cma134395jpg,cma134395,98386,750,712,JPEG,True,,a7b2292329229bd51f06bd022960480cd8782e5be241460e6b4052735f78ed7b,local_image_inventory_v1
data/images/cma/CMA_134604.jpg,CMA_134604.jpg,CMA_134604,.jpg,cma134604jpg,cma134604,626267,805,893,JPEG,True,,51a208027b47fbdb94b03d3da6356099a6f42b33c308a72537054f7616961e2d,local_image_inventory_v1
data/images/cma/CMA_134765.jpg,CMA_134765.jpg,CMA_134765,.jpg,cma134765jpg,cma134765,715513,1263,663,JPEG,True,,a0548dc83978328a8e3655933af5955fe44a0c7f748f6d2072618b1301a46e2e,local_image_inventory_v1
data/images/cma/CMA_134948.jpg,CMA_134948.jpg,CMA_134948,.jpg,cma134948jpg,cma134948,810556,883,893,JPEG,True,,84e824b83ba638c371a12f589d353a369060efbb4f797e0348aff81fb4d48abb,local_image_inventory_v1
data/images/cma/CMA_137312.jpg,CMA_137312.jpg,CMA_137312,.jpg,cma137312jpg,cma137312,81816,750,650,JPEG,True,,62e7d5dc6a0c287a8d37b806eed3edefac575a63db5099031d47570dfaaebd8a,local_image_inventory_v1
data/images/cma/CMA_149062.jpg,CMA_149062.jpg,CMA_149062,.jpg,cma149062jpg,cma149062,1074457,1263,892,JPEG,True,,b3c1365eca65ee4842e0c821e61ad1b625f94a5948bcf7b6ddbe8d517d32afd6,local_image_inventory_v1
data/images/cma/CMA_152258.jpg,CMA_152258.jpg,CMA_152258,.jpg,cma152258jpg,cma152258,371076,495,893,JPEG,True,,2f24b98bf19630d9344cef42f21be96bd661d7bd18a5dec28fe5492b6aaef595,local_image_inventory_v1
data/images/cma/CMA_152334.jpg,CMA_152334.jpg,CMA_152334,.jpg,cma152334jpg,cma152334,144094,181,893,JPEG,True,,fd26c82426681e52e920159009acfc2e13f46b4fb6735d8f0f80bad4653c1f14,local_image_inventory_v1
data/images/cma/CMA_152819.jpg,CMA_152819.jpg,CMA_152819,.jpg,cma152819jpg,cma152819,368545,555,900,JPEG,True,,b071f6d2a52222761a8e65071d105a8335313fbf947a14f205f4625ce568be6d,local_image_inventory_v1
data/images/cma/CMA_155505.jpg,CMA_155505.jpg,CMA_155505,.jpg,cma155505jpg,cma155505,352751,900,827,JPEG,True,,9d286956281ffda27b197b5feadcc3c357a1c5b9bb3fdea90f246b75e7ab8185,local_image_inventory_v1
data/images/cma/CMA_155934.jpg,CMA_155934.jpg,CMA_155934,.jpg,cma155934jpg,cma155934,185448,392,900,JPEG,True,,7c9d4b1b5146f77eece3623089cc561771b3ebb850fe30e7920a4c234ffc3182,local_image_inventory_v1
data/images/cma/CMA_156237.jpg,CMA_156237.jpg,CMA_156237,.jpg,cma156237jpg,cma156237,399726,466,893,JPEG,True,,cb4328bbc47bffc60f7fb62bfc0d35d0b1d0ee1ac9e09fbac9b7011e4cc98141,local_image_inventory_v1
data/images/cma/CMA_157111.jpg,CMA_157111.jpg,CMA_157111,.jpg,cma157111jpg,cma157111,546446,685,893,JPEG,True,,165ca455a33178b4c40dac551836394a00532ea9ac62f532913ae27ca3102b8e,local_image_inventory_v1
data/images/cma/CMA_157112.jpg,CMA_157112.jpg,CMA_157112,.jpg,cma157112jpg,cma157112,588014,710,893,JPEG,True,,41726e1f9df5d03f756c5469454aa38ddbe8420503bab89cc8dcbb3eaffcad28,local_image_inventory_v1
data/images/cma/CMA_160691.jpg,CMA_160691.jpg,CMA_160691,.jpg,cma160691jpg,cma160691,557131,706,893,JPEG,True,,862a5abed3061040badd421e9bc62aeddb02049c0ea5c45577c50b5514646f4d,local_image_inventory_v1
data/images/cma/CMA_160692.jpg,CMA_160692.jpg,CMA_160692,.jpg,cma160692jpg,cma160692,604848,768,893,JPEG,True,,e3e5b185c8cd6e6a93803fa9985063c09bc4d2a311b3139ae793f246eb5bb740,local_image_inventory_v1
data/images/cma/CMA_163622.jpg,CMA_163622.jpg,CMA_163622,.jpg,cma163622jpg,cma163622,121572,211,900,JPEG,True,,e7378a5b05f856e67748409b04bbb8606c2befb38508a03519199f299047c4d5,local_image_inventory_v1
data/images/cma/CMA_163640.jpg,CMA_163640.jpg,CMA_163640,.jpg,cma163640jpg,cma163640,105105,243,900,JPEG,True,,6ed53ccf66e33be963f6a29e9fcdd70b0cfd7d6ebfd0bada9d8d61c824d56304,local_image_inventory_v1
data/images/cma/CMA_163676.jpg,CMA_163676.jpg,CMA_163676,.jpg,cma163676jpg,cma163676,659219,1263,542,JPEG,True,,7849e36041ca4c267f873befcd0886fed60fb0bcda9ed6ecca350a6cb3a92c5b,local_image_inventory_v1
data/images/cma/CMA_163708.jpg,CMA_163708.jpg,CMA_163708,.jpg,cma163708jpg,cma163708,275460,900,665,JPEG,True,,92a9f0112be2934b1543dfc6c43d910fec6647b3a1577e95d2afa59f12bff578,local_image_inventory_v1
data/images/cma/CMA_163724.jpg,CMA_163724.jpg,CMA_163724,.jpg,cma163724jpg,cma163724,489691,860,900,JPEG,True,,97a38e8dc5045785d4d30a50143bd03c7ce1592e5ade7772fae05d622ab054e8,local_image_inventory_v1
data/images/cma/CMA_163758.jpg,CMA_163758.jpg,CMA_163758,.jpg,cma163758jpg,cma163758,897083,1263,822,JPEG,True,,f507d70030ce409aa6b3acb7a8978ea4bab3bdff6581b590386008017f233655,local_image_inventory_v1
data/images/cma/CMA_163781.jpg,CMA_163781.jpg,CMA_163781,.jpg,cma163781jpg,cma163781,988142,1254,893,JPEG,True,,7086e40ffc37f1687e1f039de2510465b40845dd924a68bfea9bf1f372e71343,local_image_inventory_v1
data/images/cma/CMA_164419.jpg,CMA_164419.jpg,CMA_164419,.jpg,cma164419jpg,cma164419,163951,900,538,JPEG,True,,b1d732c460968e25b3338083c0a0543f75765692989a4110b1b3f46d811279b5,local_image_inventory_v1
data/images/cma/CMA_164421.jpg,CMA_164421.jpg,CMA_164421,.jpg,cma164421jpg,cma164421,217713,800,900,JPEG,True,,8df41ff16ae86e0861527799886779c2016c4da1c569d93ad9399e517339dd00,local_image_inventory_v1
data/images/cma/CMA_164428.jpg,CMA_164428.jpg,CMA_164428,.jpg,cma164428jpg,cma164428,471613,900,750,JPEG,True,,66f069807670a192f2f024c137fd0e1e258e6ea0dbc2fb39cc27802b927f84ba,local_image_inventory_v1
data/images/cma/CMA_164429.jpg,CMA_164429.jpg,CMA_164429,.jpg,cma164429jpg,cma164429,352734,539,900,JPEG,True,,1d1a710b1547ecbc9db508d4c70c275f6111c8447c5a1399d03f3bead69ab622,local_image_inventory_v1
data/images/cma/CMA_164430.jpg,CMA_164430.jpg,CMA_164430,.jpg,cma164430jpg,cma164430,348478,543,900,JPEG,True,,a07dd89d16e16340f0f54c867e2c247fc5b67f6531bcebdd89c70385726fe09a,local_image_inventory_v1
data/images/cma/CMA_165184.jpg,CMA_165184.jpg,CMA_165184,.jpg,cma165184jpg,cma165184,731117,915,893,JPEG,True,,f2558f278ee7657c05fc3e5015219a4036b5694226ae9fb9e106d70f722636a1,local_image_inventory_v1
data/images/cma/CMA_165266.jpg,CMA_165266.jpg,CMA_165266,.jpg,cma165266jpg,cma165266,278824,606,900,JPEG,True,,c9db7a0bcef53a510d8eeaea447f819a17c8f1a1912afee33073c1d6c10115e1,local_image_inventory_v1
data/images/cma/CMA_165267.jpg,CMA_165267.jpg,CMA_165267,.jpg,cma165267jpg,cma165267,278826,606,900,JPEG,True,,6dfbd8304a13d947e79002e9c94a838b4233f7b80461fac24b53c4ca680685c1,local_image_inventory_v1
data/images/cma/CMA_165268.jpg,CMA_165268.jpg,CMA_165268,.jpg,cma165268jpg,cma165268,274769,633,900,JPEG,True,,7bacf138eeb562fa3514b90f3e0895d68bd83c662e60bdd4669596ff040ead85,local_image_inventory_v1
data/images/cma/CMA_165269.jpg,CMA_165269.jpg,CMA_165269,.jpg,cma165269jpg,cma165269,334455,688,900,JPEG,True,,66f4a98d1252319d2860b24902d4726f722e67a44cb82b5ff1a260f24c199bfa,local_image_inventory_v1
data/images/cma/CMA_166766.jpg,CMA_166766.jpg,CMA_166766,.jpg,cma166766jpg,cma166766,427571,768,893,JPEG,True,,eedd6547e66bf8f737d7fa3ed405832282e166c5f5c3daba55b4b17d6fc70195,local_image_inventory_v1
data/images/cma/CMA_169189.jpg,CMA_169189.jpg,CMA_169189,.jpg,cma169189jpg,cma169189,96192,900,375,JPEG,True,,0a9b576c0584f69c0d1cd9c86f2c054e4adf037202bbb6c3eb2f6b660382a770,local_image_inventory_v1
data/images/cma/CMA_292530.jpg,CMA_292530.jpg,CMA_292530,.jpg,cma292530jpg,cma292530,228253,900,592,JPEG,True,,fcf80b339489ff5a3400e55e787674349a65f60700a677a91a60f9bef3ec1b94,local_image_inventory_v1
data/images/cma/CMA_302272.jpg,CMA_302272.jpg,CMA_302272,.jpg,cma302272jpg,cma302272,101778,900,342,JPEG,True,,99d20c8bfa487722ce9e327d8efede0dc2abef4ff724d92fff186aa8f670f489,local_image_inventory_v1
data/images/met/MET_307449.jpg,MET_307449.jpg,MET_307449,.jpg,met307449jpg,met307449,3137432,2885,4000,JPEG,True,,360891aab7e2bd6f6facdbbff6aab1eba05138c8be0016acf66dc9f35cdc538b,local_image_inventory_v1
data/images/met/MET_307677.jpg,MET_307677.jpg,MET_307677,.jpg,met307677jpg,met307677,1086856,1557,1989,JPEG,True,,b5cf0bd25bcbd86e43a7b7a88477fd55cf73e453a8cccdf77473efe648dd1b77,local_image_inventory_v1
data/images/met/MET_307679.jpg,MET_307679.jpg,MET_307679,.jpg,met307679jpg,met307679,1142529,1557,1989,JPEG,True,,f0cef19320e6d1503172829b60d4cece3cf1e9a02ffd7fd28b540630ca7da874,local_image_inventory_v1
data/images/met/MET_307682.jpg,MET_307682.jpg,MET_307682,.jpg,met307682jpg,met307682,1421598,835,4000,JPEG,True,,2650946326265af363fb47ec372d087572a5009b1820a170c837c8a8a1281d56,local_image_inventory_v1
data/images/met/MET_307683.jpg,MET_307683.jpg,MET_307683,.jpg,met307683jpg,met307683,781729,2272,1704,JPEG,True,,b114767ca953ac1983c5da77005bda4f965331e7da51ff4c7df4b5df277e631a,local_image_inventory_v1
data/images/met/MET_307806.jpg,MET_307806.jpg,MET_307806,.jpg,met307806jpg,met307806,275507,826,804,JPEG,True,,5939bbe5b0c14833853279e0aebdcdbceecb5f0387ebd1d7a7c07289ac08f35e,local_image_inventory_v1
data/images/met/MET_307836.jpg,MET_307836.jpg,MET_307836,.jpg,met307836jpg,met307836,909413,1899,1818,JPEG,True,,95f0359a8e9bb314d7827dd50485159e28ca8f499206c9615d694a9aefbff795,local_image_inventory_v1
data/images/met/MET_307841.jpg,MET_307841.jpg,MET_307841,.jpg,met307841jpg,met307841,491661,864,1926,JPEG,True,,84e84bb8e12233d6c3793611e643fdb11a6fdd25e41bf5dac71b3e3e222cb26c,local_image_inventory_v1
data/images/met/MET_307842.jpg,MET_307842.jpg,MET_307842,.jpg,met307842jpg,met307842,72165,335,700,JPEG,True,,eede7613a16759f0fd71ae72c542c70618ecc9bfaa8ec2231dead38e69d499fc,local_image_inventory_v1
data/images/met/MET_307843.jpg,MET_307843.jpg,MET_307843,.jpg,met307843jpg,met307843,512181,1251,1926,JPEG,True,,03370ac6c83f98220f601ae2722891542604087cb3bf28d80753452ee387d319,local_image_inventory_v1
data/images/met/MET_307844.jpg,MET_307844.jpg,MET_307844,.jpg,met307844jpg,met307844,574518,1197,1719,JPEG,True,,4b593614b0e3292b3ef48b81c0fdbdc1b06c475390360a56ea6f1b1b1eab7f3b,local_image_inventory_v1
data/images/met/MET_307846.jpg,MET_307846.jpg,MET_307846,.jpg,met307846jpg,met307846,2231364,2385,2220,JPEG,True,,4bccc6bacfe89bddc149432e9f4e45c46ac19fc192203b103e3ad0cf22c507d0,local_image_inventory_v1
data/images/met/MET_307851.jpg,MET_307851.jpg,MET_307851,.jpg,met307851jpg,met307851,798941,1377,1755,JPEG,True,,769a0b5fa663f784d056be1ba48d21495bb346c95d5256fa34199360a2c6cb2d,local_image_inventory_v1
data/images/met/MET_307852.jpg,MET_307852.jpg,MET_307852,.jpg,met307852jpg,met307852,942648,1395,1755,JPEG,True,,0984a3ba086747b9f3b927f8dc433bfb0ca05077b5948b2470b14ae795a006cd,local_image_inventory_v1
data/images/met/MET_307853.jpg,MET_307853.jpg,MET_307853,.jpg,met307853jpg,met307853,88202,680,523,JPEG,True,,0bb64e12a64474f64b4994fcf62911faab059677fa86adb94fb7be0809364ea1,local_image_inventory_v1
data/images/met/MET_307933.jpg,MET_307933.jpg,MET_307933,.jpg,met307933jpg,met307933,6609919,4000,2649,JPEG,True,,242d939eec1bfaeecc38fbc6c6acfcee886b74a77f94c8d124ea2f8067ed4b3d,local_image_inventory_v1
data/images/met/MET_307940.jpg,MET_307940.jpg,MET_307940,.jpg,met307940jpg,met307940,3558373,2209,2849,JPEG,True,,8bc632283b80e74639a65cb61ec237de3a8a2d11613d56d74ee6896898b1a228,local_image_inventory_v1
data/images/met/MET_307941.jpg,MET_307941.jpg,MET_307941,.jpg,met307941jpg,met307941,605322,1116,1863,JPEG,True,,92a281bb3b61d950b84559455169ed6f78dc183a2fe45251fecb50fe4d4dfdc1,local_image_inventory_v1
data/images/met/MET_307943.jpg,MET_307943.jpg,MET_307943,.jpg,met307943jpg,met307943,582767,1233,1908,JPEG,True,,1afc32ba17e2f2a9f584c453f1e380054e2b4f34954fce442d3b26cf49dfb5ef,local_image_inventory_v1
data/images/met/MET_307944.jpg,MET_307944.jpg,MET_307944,.jpg,met307944jpg,met307944,3656901,4000,2649,JPEG,True,,a84c5d0263952f8f3dd96f597d3204d06b714d9653bb652900e87d397798f5b4,local_image_inventory_v1
data/images/met/MET_307950.jpg,MET_307950.jpg,MET_307950,.jpg,met307950jpg,met307950,3626515,4000,3159,JPEG,True,,8e78c9f8aea548a8b88bcdd52db4f32ec2a4d5712d7862e4591bb783d779b970,local_image_inventory_v1
data/images/met/MET_307953.jpg,MET_307953.jpg,MET_307953,.jpg,met307953jpg,met307953,306800,2007,603,JPEG,True,,8d2885bf559281f75f8798add35fdcb3ffbcbaddb3a031a541262d88d58cfe43,local_image_inventory_v1
data/images/met/MET_307959.jpg,MET_307959.jpg,MET_307959,.jpg,met307959jpg,met307959,197987,2270,378,JPEG,True,,1fc38614bf907049c66b46fd47537069b742f88b373fc96b7d8fc4f6929db5f9,local_image_inventory_v1
data/images/met/MET_307960.jpg,MET_307960.jpg,MET_307960,.jpg,met307960jpg,met307960,397327,2151,615,JPEG,True,,a541a2f127287d2f89807129e91b0e9becc93031d4801d4b4b427f840ee8fbf3,local_image_inventory_v1
data/images/met/MET_307961.jpg,MET_307961.jpg,MET_307961,.jpg,met307961jpg,met307961,1363691,1369,2905,JPEG,True,,f2c4999176b3f0d8f0e86985c1c9eb11134dab41f0241b031fb7232413609ae4,local_image_inventory_v1
data/images/met/MET_307962.jpg,MET_307962.jpg,MET_307962,.jpg,met307962jpg,met307962,837501,1710,1581,JPEG,True,,f502a68315f0fa0145e2e9981120b77a79fbdb7d1836d72cb8e66fae0cd4dbd5,local_image_inventory_v1
data/images/met/MET_307963.jpg,MET_307963.jpg,MET_307963,.jpg,met307963jpg,met307963,533963,1242,1791,JPEG,True,,bfec0297b06011b8e196def54b1b5d806383caa03406a0c0cb89a3c960ef1be0,local_image_inventory_v1
data/images/met/MET_307964.jpg,MET_307964.jpg,MET_307964,.jpg,met307964jpg,met307964,134321,1935,414,JPEG,True,,1e87b40b54752cb0cda25c39b375478a1139f944bbefa4ecb18e32da0c431ee1,local_image_inventory_v1
data/images/met/MET_307965.jpg,MET_307965.jpg,MET_307965,.jpg,met307965jpg,met307965,125086,1935,414,JPEG,True,,c60b76990f1dc4c369dda5b9c02dcaf2aa305769442ae6ffc68a5b5a1d49e157,local_image_inventory_v1
data/images/met/MET_307966.jpg,MET_307966.jpg,MET_307966,.jpg,met307966jpg,met307966,320808,2253,636,JPEG,True,,a12ec73e784d865c76f052dabfc6d9c7763f123d51e4e74dfe04fa9d4dc4c6b1,local_image_inventory_v1
data/images/met/MET_307967.jpg,MET_307967.jpg,MET_307967,.jpg,met307967jpg,met307967,313271,2253,636,JPEG,True,,9600ea4abae3d79807d59a7e7cc3d1113fe5fa12e6117084f7984661cb93dad1,local_image_inventory_v1
data/images/met/MET_307968.jpg,MET_307968.jpg,MET_307968,.jpg,met307968jpg,met307968,324222,2267,495,JPEG,True,,09bf5f75e8af3f04260bef8dc0367e1491b3b49db4915bf67233956455b78ae4,local_image_inventory_v1
data/images/met/MET_307972.jpg,MET_307972.jpg,MET_307972,.jpg,met307972jpg,met307972,416636,603,1917,JPEG,True,,3cc3e03475ea1fc59d9fc520d0d968347e5e26e540f95d5a0c680ebe64d84f7b,local_image_inventory_v1
data/images/met/MET_307975.jpg,MET_307975.jpg,MET_307975,.jpg,met307975jpg,met307975,1672392,1905,961,JPEG,True,,1128561054aac6a3f365842747b711bb175366ae7b8106d60ae6913d89fa8900,local_image_inventory_v1
data/images/met/MET_307991.jpg,MET_307991.jpg,MET_307991,.jpg,met307991jpg,met307991,2260671,2145,2929,JPEG,True,,11457bfa28be398b92ed1bd00d8a8fd89463a9d212b552c0f7201ba46e34240c,local_image_inventory_v1
data/images/met/MET_308015.jpg,MET_308015.jpg,MET_308015,.jpg,met308015jpg,met308015,788657,1485,1863,JPEG,True,,513866aaa8abd356e2f7c2d2259a93c524ff48733ef6c6a3d73fa0775fa916eb,local_image_inventory_v1
data/images/met/MET_308016.jpg,MET_308016.jpg,MET_308016,.jpg,met308016jpg,met308016,999707,1404,1881,JPEG,True,,f545e29103ab6ec29e709513d14a4f3132fa83c4e1524c4805c35546ae9ab1d5,local_image_inventory_v1
data/images/met/MET_308017.jpg,MET_308017.jpg,MET_308017,.jpg,met308017jpg,met308017,1004283,1683,1863,JPEG,True,,362eac22d76f4f363c6eea3f505104a739637d6bb99ebceebcc4bd911aea34cf,local_image_inventory_v1
data/images/met/MET_308021.jpg,MET_308021.jpg,MET_308021,.jpg,met308021jpg,met308021,422608,882,1710,JPEG,True,,ac18c36d44058dea86b89cb46d89dd9aee1bb7142be3d0c720f75c64aa7c7319,local_image_inventory_v1
data/images/met/MET_308022.jpg,MET_308022.jpg,MET_308022,.jpg,met308022jpg,met308022,2927269,3031,4000,JPEG,True,,efbcbdcadee0e8ebe860c95eefd65f9a9353aea65c3c764728080e6980be8326,local_image_inventory_v1
data/images/met/MET_308023.jpg,MET_308023.jpg,MET_308023,.jpg,met308023jpg,met308023,597680,1071,1953,JPEG,True,,cd16de6c5df299e9ccefd1be34c08f7ade8895687daf66ea96d42a5dc77d0625,local_image_inventory_v1
data/images/met/MET_308024.jpg,MET_308024.jpg,MET_308024,.jpg,met308024jpg,met308024,3371867,2658,4000,JPEG,True,,f606dbfb02ac17a1cf5b703adbf4a829869c549f8300f973767bb9fc04f7a00f,local_image_inventory_v1
data/images/met/MET_308025.jpg,MET_308025.jpg,MET_308025,.jpg,met308025jpg,met308025,422388,729,1719,JPEG,True,,f0100c9be42fa9ca23cf6eed86098de9d352bfb122b86bd5a8b6b37294c3ad80,local_image_inventory_v1
data/images/met/MET_308026.jpg,MET_308026.jpg,MET_308026,.jpg,met308026jpg,met308026,520858,936,1953,JPEG,True,,b8b82e5f4915fedcd6cfcf1ba99373df3ebfd480bdc4c9c6cd34f82263b41215,local_image_inventory_v1
data/images/met/MET_308027.jpg,MET_308027.jpg,MET_308027,.jpg,met308027jpg,met308027,493878,900,1854,JPEG,True,,a4f576d4adb11f6b784cb184ec269db466897c57635cb58badf3032dabc7521f,local_image_inventory_v1
data/images/met/MET_308028.jpg,MET_308028.jpg,MET_308028,.jpg,met308028jpg,met308028,610929,1206,1683,JPEG,True,,96feb6ad328d0a73ed9b7570e668ad12b14f2f81bd4e6305e931f8ad21a6f6e9,local_image_inventory_v1
data/images/met/MET_308029.jpg,MET_308029.jpg,MET_308029,.jpg,met308029jpg,met308029,617742,990,1899,JPEG,True,,0b74fd45bbe3c2b8d14245ea5c2d35f8edc8085de04bc73f3e4148ac45594e23,local_image_inventory_v1
data/images/met/MET_308034.jpg,MET_308034.jpg,MET_308034,.jpg,met308034jpg,met308034,80323,680,432,JPEG,True,,5d232eee6df584c3714ed3390a545fced50f90f3bb344dedf5a827af873eb90f,local_image_inventory_v1
data/images/met/MET_308035.jpg,MET_308035.jpg,MET_308035,.jpg,met308035jpg,met308035,65568,275,700,JPEG,True,,21026901ad0baa960c6b2d6dc1fe01beab0c9975e6c498c117d781541b6a23ac,local_image_inventory_v1
data/images/met/MET_308036.jpg,MET_308036.jpg,MET_308036,.jpg,met308036jpg,met308036,582762,2258,1608,JPEG,True,,8b4fa5bf3501b039979553177b268d7f966761b37edcb64a39f1a2b75dd8d8b4,local_image_inventory_v1
data/images/met/MET_308037.jpg,MET_308037.jpg,MET_308037,.jpg,met308037jpg,met308037,28176,122,700,JPEG,True,,8b8dfeec32eec9f4331b0ee48d0996e48791463e63b57c60a0bc1f81c5de6e92,local_image_inventory_v1
data/images/met/MET_308039.jpg,MET_308039.jpg,MET_308039,.jpg,met308039jpg,met308039,1301559,2016,1755,JPEG,True,,34031cbd7099c5e0feefb1ed296be6e849fd9842539b984db3cf998cf648e9d9,local_image_inventory_v1
data/images/met/MET_308040.jpg,MET_308040.jpg,MET_308040,.jpg,met308040jpg,met308040,1276657,2016,1755,JPEG,True,,b69c72d43538850c06a32f6fd9885b82e8a54d150daa64fa918f294b198d6945,local_image_inventory_v1
data/images/met/MET_308042.jpg,MET_308042.jpg,MET_308042,.jpg,met308042jpg,met308042,2851520,2000,1279,JPEG,True,,08f562de09083c2a9cd5bce3b6645fe84e2ef769b74666d693bbd1e532a5c382,local_image_inventory_v1
data/images/met/MET_308044.jpg,MET_308044.jpg,MET_308044,.jpg,met308044jpg,met308044,36665,150,700,JPEG,True,,1df8c6c67e95c9824e934492af03c5d1ac7fe2e65a355f7c50b37029ed9067a0,local_image_inventory_v1
data/images/met/MET_308046.jpg,MET_308046.jpg,MET_308046,.jpg,met308046jpg,met308046,547245,1585,700,JPEG,True,,4d8a2779b03d25a1c7c033fb91cfb66f095faab7ed581596b9a933cb6a9a47cf,local_image_inventory_v1
data/images/met/MET_308048.jpg,MET_308048.jpg,MET_308048,.jpg,met308048jpg,met308048,95210,385,700,JPEG,True,,9e41c11cb9814ccc632ba6ffce6c99ef35ffc4e60c207be58fc4aeaf78dd097d,local_image_inventory_v1
data/images/met/MET_308053.jpg,MET_308053.jpg,MET_308053,.jpg,met308053jpg,met308053,111559,466,700,JPEG,True,,597d1119c44d18125b021ce201506f729a2d5022d30010852dc65c728fd0f638,local_image_inventory_v1
data/images/met/MET_308056.jpg,MET_308056.jpg,MET_308056,.jpg,met308056jpg,met308056,114327,496,700,JPEG,True,,99ce6d9051d7c90ff79ae66b788224dfbd0f99631c26c32b345c97025b16cf9c,local_image_inventory_v1
data/images/met/MET_308057.jpg,MET_308057.jpg,MET_308057,.jpg,met308057jpg,met308057,114168,496,700,JPEG,True,,96bc60352b037dd571fa1fcaa4b073d5c6aaa4123faf27ea0f19233da1c88022,local_image_inventory_v1
data/images/met/MET_308058.jpg,MET_308058.jpg,MET_308058,.jpg,met308058jpg,met308058,82695,680,445,JPEG,True,,941d982c4939af91a7936842c9fcbe0cdcf245b041eeb27e564a8deb54270591,local_image_inventory_v1
data/images/met/MET_308060.jpg,MET_308060.jpg,MET_308060,.jpg,met308060jpg,met308060,58280,275,700,JPEG,True,,0d6711ed8272845089d9383250df1d8240a293d288c9e322837e64c6f60b555b,local_image_inventory_v1
data/images/met/MET_308068.jpg,MET_308068.jpg,MET_308068,.jpg,met308068jpg,met308068,56437,246,700,JPEG,True,,601feb31a3a7481cb1bc97f2bd031f353e170a224a699eae1278b188fc6611cc,local_image_inventory_v1
data/images/met/MET_308070.jpg,MET_308070.jpg,MET_308070,.jpg,met308070jpg,met308070,93743,492,700,JPEG,True,,22a429ee24a133907907f16ce7b406169091fb603a035459ef02b82ad3954f70,local_image_inventory_v1
data/images/met/MET_308072.jpg,MET_308072.jpg,MET_308072,.jpg,met308072jpg,met308072,99496,492,700,JPEG,True,,87253940077039ec393953f7c35aa52a31be8b3f169911e83bb63d0a0d20ea2b,local_image_inventory_v1
data/images/met/MET_308076.jpg,MET_308076.jpg,MET_308076,.jpg,met308076jpg,met308076,1071328,2272,1704,JPEG,True,,669dd515160d271e2ed65f4a466f44ca60d93e22640b73cacbc2c757c6d4f2e1,local_image_inventory_v1
data/images/met/MET_308077.jpg,MET_308077.jpg,MET_308077,.jpg,met308077jpg,met308077,1139882,1647,1881,JPEG,True,,4940d2f3e8028934c13374503aa83c81b16071ec72f7ddaa228eb065ffa84065,local_image_inventory_v1
data/images/met/MET_308078.jpg,MET_308078.jpg,MET_308078,.jpg,met308078jpg,met308078,2338959,1063,4000,JPEG,True,,fb560fd55db8e4beb224c6ac5d851bda7957157fee37f9431776ee0d6a5e5662,local_image_inventory_v1
data/images/met/MET_308079.jpg,MET_308079.jpg,MET_308079,.jpg,met308079jpg,met308079,692553,1296,1827,JPEG,True,,59e42a4de71dfdf7b235ad8f294a2e03b9db0a78435ec42e2dbfeb7d0adbdb5b,local_image_inventory_v1
data/images/met/MET_308083.jpg,MET_308083.jpg,MET_308083,.jpg,met308083jpg,met308083,628690,1755,1341,JPEG,True,,c72bd489b60e9e6282611ecb29c041f0ba2eeced8d51f86341d02410c22754c7,local_image_inventory_v1
data/images/met/MET_308084.jpg,MET_308084.jpg,MET_308084,.jpg,met308084jpg,met308084,42580,170,728,JPEG,True,,281fb87b938cdca36f41a55640db4a575e89c0b32c1e5afc00fd2e83c13e6882,local_image_inventory_v1
data/images/met/MET_308098.jpg,MET_308098.jpg,MET_308098,.jpg,met308098jpg,met308098,727505,1377,1647,JPEG,True,,5c20afa46a72d80add3a956969a0ea27aae4dc7d3ee9d4363019158aa1fa4453,local_image_inventory_v1
data/images/met/MET_308100.jpg,MET_308100.jpg,MET_308100,.jpg,met308100jpg,met308100,262544,747,792,JPEG,True,,44d0885ba690ce1ec86dad1e29faacd72c68e59df3242511693a0f20c5d38d93,local_image_inventory_v1
data/images/met/MET_308101.jpg,MET_308101.jpg,MET_308101,.jpg,met308101jpg,met308101,1136002,1557,1989,JPEG,True,,d188363589187f7888c6e2d572e8cc258963479cb6144f7c564b4334e1023a03,local_image_inventory_v1
data/images/met/MET_308105.jpg,MET_308105.jpg,MET_308105,.jpg,met308105jpg,met308105,966459,1440,1746,JPEG,True,,87b0f6fa13979fdc6a3e5b0e62c65734968cdc11fd4cc1d9f877bb3275adb1eb,local_image_inventory_v1
data/images/met/MET_308106.jpg,MET_308106.jpg,MET_308106,.jpg,met308106jpg,met308106,569635,2258,1608,JPEG,True,,91fd098151bec81cf3dd5a42d6a7579ede099573353c13e22201d03aa0f86491,local_image_inventory_v1
data/images/met/MET_308113.jpg,MET_308113.jpg,MET_308113,.jpg,met308113jpg,met308113,105542,519,700,JPEG,True,,39ea4cb8a166d929c8faf156db3d5df3d6373729a527476e66554a577fd7130d,local_image_inventory_v1
data/images/met/MET_308120.jpg,MET_308120.jpg,MET_308120,.jpg,met308120jpg,met308120,6928311,3452,4000,JPEG,True,,29e7b45d0b103db5a609dcfe11f6e80f9e16bd74221597f59ca4ba0e78f9299d,local_image_inventory_v1
data/images/met/MET_308282.jpg,MET_308282.jpg,MET_308282,.jpg,met308282jpg,met308282,1655295,2000,616,JPEG,True,,667abcac1a9c5b41e6eb005e75f9c9424841587df71e6d38f14cd1d08d7bd8ab,local_image_inventory_v1
data/images/met/MET_308283.jpg,MET_308283.jpg,MET_308283,.jpg,met308283jpg,met308283,5735826,4000,3370,JPEG,True,,c01ce4047b9e23990e5cac54685b65fca38c821e6b43c77aebeba76b033c7e95,local_image_inventory_v1
data/images/met/MET_308284.jpg,MET_308284.jpg,MET_308284,.jpg,met308284jpg,met308284,2787452,2104,3753,JPEG,True,,ee466b3ee48a4fea1dfed69d53b521108c8638b17f4a7bb866393a1f36f8f4d5,local_image_inventory_v1
data/images/met/MET_308285.jpg,MET_308285.jpg,MET_308285,.jpg,met308285jpg,met308285,5276391,3429,3688,JPEG,True,,c81e9600aa38a7908b5c38f1b4ffa98f5b785a1ed0385523846b564c00805fd5,local_image_inventory_v1
data/images/met/MET_308290.jpg,MET_308290.jpg,MET_308290,.jpg,met308290jpg,met308290,2740353,2193,2745,JPEG,True,,fea314c69a2bd67fb59e5837930aa2ab2e77a482f62b6c6efac9eee4278f7098,local_image_inventory_v1
data/images/met/MET_309528.jpg,MET_309528.jpg,MET_309528,.jpg,met309528jpg,met309528,1996159,3857,1441,JPEG,True,,0dd9d16dc4a967797dfb1f2fec43bcb3ba8ebfd3c23e01f95d0b8656383a5e48,local_image_inventory_v1
data/images/met/MET_310059.jpg,MET_310059.jpg,MET_310059,.jpg,met310059jpg,met310059,740123,1700,1466,JPEG,True,,1d7e5802d28319aa142be896c0eb2f02c13d7255fc7be485d45d634451921d4f,local_image_inventory_v1
data/images/met/MET_310511.jpg,MET_310511.jpg,MET_310511,.jpg,met310511jpg,met310511,75004,768,512,JPEG,True,,64194c1696e543f86670421f03510fbe67d5fe54a62440fe53be9e3a77d1ab2c,local_image_inventory_v1
data/images/met/MET_310695.jpg,MET_310695.jpg,MET_310695,.jpg,met310695jpg,met310695,3700180,2257,2945,JPEG,True,,62fd8888ebeacc82c663df0d480c29bc4cd7fefa08f8d9876c7d1147f2c3362a,local_image_inventory_v1
data/images/met/MET_310697.jpg,MET_310697.jpg,MET_310697,.jpg,met310697jpg,met310697,2891663,2809,2161,JPEG,True,,c74a3feb76e69b4e2395e3762c9d49d04aa27c5edded3b7cf8a9a70cc51f82f5,local_image_inventory_v1
data/images/met/MET_310698.jpg,MET_310698.jpg,MET_310698,.jpg,met310698jpg,met310698,6558661,4000,3753,JPEG,True,,5938b910ebff31cfa9d3a2bb911891632eb3b0f6fd9ece299fba289982f92407,local_image_inventory_v1
data/images/met/MET_310699.jpg,MET_310699.jpg,MET_310699,.jpg,met310699jpg,met310699,2477675,2201,2393,JPEG,True,,d27deab5479122c768de0c86df3b51aa36eafaca1fe3be75595c2bbb9d39e582,local_image_inventory_v1
data/images/met/MET_312614.jpg,MET_312614.jpg,MET_312614,.jpg,met312614jpg,met312614,2239312,952,2000,JPEG,True,,319832f962c2e103682c6386a72396979520712525eac778e560e4369f212beb,local_image_inventory_v1
data/images/met/MET_312615.jpg,MET_312615.jpg,MET_312615,.jpg,met312615jpg,met312615,3040822,1213,2000,JPEG,True,,0cd6d3bb0a50e4356b928d034dc2298b1cd2cd030e04b4b17b67711d283cbe95,local_image_inventory_v1
data/images/met/MET_312669.jpg,MET_312669.jpg,MET_312669,.jpg,met312669jpg,met312669,3283680,4759,2686,JPEG,True,,4434b9a4ea7579838371a5e0e49eeff92f3e0db161ede33c1c8e135f559bbf57,local_image_inventory_v1
data/images/met/MET_313121.jpg,MET_313121.jpg,MET_313121,.jpg,met313121jpg,met313121,1161383,849,2961,JPEG,True,,72fa9a0efeaa91b9ee45c330edd7cf36703151120f11b63e59ac6fe46b51d5d4,local_image_inventory_v1
data/images/met/MET_313152.jpg,MET_313152.jpg,MET_313152,.jpg,met313152jpg,met313152,3338220,4000,3000,JPEG,True,,ecb0a3f30dd42e33551b0fada9672504c60363e6b68e51938cd481836844529a,local_image_inventory_v1
data/images/met/MET_313153.jpg,MET_313153.jpg,MET_313153,.jpg,met313153jpg,met313153,2516077,4000,1728,JPEG,True,,1f93f5b8c6d52ecdc78d2cedc9a150ea4aa6021615bc0284396df7bb4116373e,local_image_inventory_v1
data/images/met/MET_313324.jpg,MET_313324.jpg,MET_313324,.jpg,met313324jpg,met313324,83456,600,778,JPEG,True,,b5a530c6a1cd641926621f9ee7394c128065d9f10e09e99daecfce1ffdf56d05,local_image_inventory_v1
data/images/met/MET_314363.jpg,MET_314363.jpg,MET_314363,.jpg,met314363jpg,met314363,3697537,4000,3099,JPEG,True,,266cbf89a2f1374c536549fa86141a8cc83132f6595b49fb9a02dbf10eb5a5d4,local_image_inventory_v1
data/images/met/MET_314528.jpg,MET_314528.jpg,MET_314528,.jpg,met314528jpg,met314528,2363252,3427,3823,JPEG,True,,bf26fc22c5835ea6dd68a546e8a6d9dc5de4bceb542179bd3d961f549af544ac,local_image_inventory_v1
data/images/met/MET_315690.jpg,MET_315690.jpg,MET_315690,.jpg,met315690jpg,met315690,737514,1530,1872,JPEG,True,,daf5d2d02d4cdc7e26bf5d3345f1b8e9d15cb0c8bbd73a38f41d2825f77a7f02,local_image_inventory_v1
data/images/met/MET_315700.jpg,MET_315700.jpg,MET_315700,.jpg,met315700jpg,met315700,3008757,2345,4000,JPEG,True,,aa2396fc34d4cfca66adef1926e2aafa8b15b91a9f1b084145eae790d7fea941,local_image_inventory_v1
data/images/met/MET_315708.jpg,MET_315708.jpg,MET_315708,.jpg,met315708jpg,met315708,60961,243,700,JPEG,True,,c6c46d15de31a9b3489812561baa0182b34162acefe60154763953c3f59cd7a5,local_image_inventory_v1
data/images/met/MET_315772.jpg,MET_315772.jpg,MET_315772,.jpg,met315772jpg,met315772,4899408,4000,3921,JPEG,True,,4f076ac43910d85a841e3f979e5532887ca24105f2922c7c856ddad71aa159cd,local_image_inventory_v1
data/images/met/MET_315786.jpg,MET_315786.jpg,MET_315786,.jpg,met315786jpg,met315786,2239073,3811,3049,JPEG,True,,cf7f8be4f050a37cdb2c374836d171c981c8613534c8825387b5c33218cd0acc,local_image_inventory_v1
data/images/met/MET_316892.jpg,MET_316892.jpg,MET_316892,.jpg,met316892jpg,met316892,493419,1861,1488,JPEG,True,,4ef143ee897ee05e8705cbf33ceef74422a5cc5ea907b28427f06a47119eff34,local_image_inventory_v1
data/images/met/MET_316894.jpg,MET_316894.jpg,MET_316894,.jpg,met316894jpg,met316894,325113,657,1854,JPEG,True,,b3fc9daf47897da1ab7e683434c004f0055384e420930ebd7dd3d687d7513a57,local_image_inventory_v1
data/images/met/MET_316906.jpg,MET_316906.jpg,MET_316906,.jpg,met316906jpg,met316906,16503,192,97,JPEG,True,,e3c5cbb1223e7103f96ce92aa8932d2f8dd16143a6545fc8d285e1fc0099b408,local_image_inventory_v1
data/images/met/MET_316910.jpg,MET_316910.jpg,MET_316910,.jpg,met316910jpg,met316910,363175,576,1764,JPEG,True,,b980d206d486c0ce2cf8d382146cd59da87232e82d9572a39bfd00686ad35e3d,local_image_inventory_v1
data/images/met/MET_316913.jpg,MET_316913.jpg,MET_316913,.jpg,met316913jpg,met316913,5799470,4000,3416,JPEG,True,,15bbf138bf6901fd142f3d2ebc0b118c4b8d175dd2e7f6ea64ac4a3632b51abe,local_image_inventory_v1
data/images/met/MET_316915.jpg,MET_316915.jpg,MET_316915,.jpg,met316915jpg,met316915,433384,819,1935,JPEG,True,,f23e79b4815d5756ce293367301fd2d22c873e74cb49fa968a7ff5f3cd300d1f,local_image_inventory_v1
data/images/met/MET_316916.jpg,MET_316916.jpg,MET_316916,.jpg,met316916jpg,met316916,648011,1044,1818,JPEG,True,,151f753e9853d906d17aec318861171efaf5094230c6b6d0698b38889d434d52,local_image_inventory_v1
data/images/met/MET_316921.jpg,MET_316921.jpg,MET_316921,.jpg,met316921jpg,met316921,150909,576,1053,JPEG,True,,7c6bb1853f6a5294fd379c5ddcb2b4a0648b5ab387a5675f001eaad17e47a667,local_image_inventory_v1
data/images/met/MET_316925.jpg,MET_316925.jpg,MET_316925,.jpg,met316925jpg,met316925,513598,1116,1683,JPEG,True,,88e2488159f7fcd0086e01c3e5272d465341f181699bff85d27c00f77e1e1acc,local_image_inventory_v1
data/images/met/MET_316931.jpg,MET_316931.jpg,MET_316931,.jpg,met316931jpg,met316931,598118,2304,3456,JPEG,True,,b519ad9a1c882a4062f4785f9369cfa5ba135b248a1207379f7bc5c901b0e458,local_image_inventory_v1
data/images/met/MET_316935.jpg,MET_316935.jpg,MET_316935,.jpg,met316935jpg,met316935,282895,1942,582,JPEG,True,,bf1875fdebf44164360061d198d3cc36f3ae4c4a987f0a5de6e567604ad2fe14,local_image_inventory_v1
data/images/met/MET_316939.jpg,MET_316939.jpg,MET_316939,.jpg,met316939jpg,met316939,2834008,4000,3147,JPEG,True,,95679733b0c79e84c0a177a3111b228f2c68987e3cb56730414ffe05eb0dc0c2,local_image_inventory_v1
data/images/met/MET_316945.jpg,MET_316945.jpg,MET_316945,.jpg,met316945jpg,met316945,1579204,4000,780,JPEG,True,,d951026100a8a475041b91c0b312289a072d7a682296c1533d5278b69b882f85,local_image_inventory_v1
data/images/met/MET_317736.jpg,MET_317736.jpg,MET_317736,.jpg,met317736jpg,met317736,3631521,3811,3049,JPEG,True,,0dd1f0e8a3da98718d930fb8f7cc098d1c96da0dfd9cbad6759b02109c3db35d,local_image_inventory_v1
data/images/met/MET_318460.jpg,MET_318460.jpg,MET_318460,.jpg,met318460jpg,met318460,749874,1287,1837,JPEG,True,,7c27eccf6d3ffe005278eec891bfd8f184a8d85efaeeb90f576825f8c24aee82,local_image_inventory_v1
data/images/met/MET_318746.jpg,MET_318746.jpg,MET_318746,.jpg,met318746jpg,met318746,402251,1274,3331,JPEG,True,,4d73499f735bfbeae879a4b3855e3eb09dd5418df7d3601d45245f3d97397b2f,local_image_inventory_v1
data/images/met/MET_319524.jpg,MET_319524.jpg,MET_319524,.jpg,met319524jpg,met319524,2150379,2304,3456,JPEG,True,,7480fa04e6a96c91f628c8a1d9bcd19846f11029c0c865130016d8104974fe75,local_image_inventory_v1
data/images/met/MET_319574.jpg,MET_319574.jpg,MET_319574,.jpg,met319574jpg,met319574,4625338,3528,3702,JPEG,True,,b8714142378cde6d2040764e2f0c47751876c827ae52af4f6f20c9e402e9251e,local_image_inventory_v1
data/images/met/MET_320054.jpg,MET_320054.jpg,MET_320054,.jpg,met320054jpg,met320054,4251725,3165,4000,JPEG,True,,28982f0a9511c427b1cdbe2666a95c202c1d81251bf6ca1f9c77a0f8484f1277,local_image_inventory_v1
data/images/met/MET_320804.jpg,MET_320804.jpg,MET_320804,.jpg,met320804jpg,met320804,1292052,1671,3218,JPEG,True,,b06977352f923b2127bed3b12e7e2cab14bf1e2d444053f40730b6ac7cedd710,local_image_inventory_v1
data/images/met/MET_675980.jpg,MET_675980.jpg,MET_675980,.jpg,met675980jpg,met675980,7101768,3958,4000,JPEG,True,,e3883a9e7624de93a0fb8daef545776a6fd12de0cf37578093eaba1f9b316ba8,local_image_inventory_v1
data/images/met/MET_751900.jpg,MET_751900.jpg,MET_751900,.jpg,met751900jpg,met751900,4321622,3361,4000,JPEG,True,,ce69a18aa1ff44c0c4c66a7e768ec979f679fd591c12fe2a4ed70bd91bcaadb8,local_image_inventory_v1
data/images/met/MET_833953.jpg,MET_833953.jpg,MET_833953,.jpg,met833953jpg,met833953,6466591,3787,4000,JPEG,True,,cc0e54585820a210c59f007c31ebb2e2583786304ce490561a3b5c861b6fece1,local_image_inventory_v1
